time,ax,ay,az,wx,wy,wz
2.000000e-02,-5.388794e-03,-3.991699e-03,-2.794189e-03,-1.017253e-02,-3.051758e-02,5.086263e-03
4.000000e-02,-5.388794e-03,7.983398e-04,-2.794189e-03,-1.017253e-02,3.051758e-02,5.086263e-03
6.000000e-02,4.191284e-03,-3.991699e-03,-2.794189e-03,5.086263e-02,-3.051758e-02,5.086263e-03
8.000000e-02,-5.987549e-04,-3.991699e-03,1.995850e-03,5.086263e-02,3.051758e-02,5.086263e-03
1.000000e-01,4.191284e-03,7.983398e-04,-2.794189e-03,-1.017253e-02,3.051758e-02,5.086263e-03
1.200000e-01,-5.388794e-03,5.588379e-03,1.995850e-03,-1.017253e-02,3.051758e-02,5.086263e-03
1.400000e-01,-5.987549e-04,5.588379e-03,1.995850e-03,-1.017253e-02,-3.051758e-02,5.086263e-03
1.600000e-01,2.594604e-03,2.395020e-03,3.991699e-04,-1.017253e-02,-3.051758e-02,5.086263e-03
1.800000e-01,5.787964e-03,-7.983398e-04,-1.197510e-03,-1.017253e-02,-3.051758e-02,5.086263e-03
2.000000e-01,8.981323e-03,-3.991699e-03,-2.794189e-03,-1.017253e-02,-3.051758e-02,5.086263e-03
2.200000e-01,-5.987549e-04,7.983398e-04,1.995850e-03,-1.017253e-02,3.051758e-02,5.086263e-03
2.400000e-01,-5.388794e-03,-3.991699e-03,-7.584229e-03,-1.017253e-02,3.051758e-02,5.086263e-03
2.600000e-01,-5.987549e-04,7.983398e-04,1.995850e-03,-1.017253e-02,-3.051758e-02,5.086263e-03
2.800000e-01,-5.987549e-04,-3.991699e-03,1.995850e-03,-1.017253e-02,-3.051758e-02,5.086263e-03
3.000000e-01,-5.987549e-04,-3.991699e-03,1.995850e-03,-1.017253e-02,-3.051758e-02,5.086263e-03
3.200000e-01,-5.388794e-03,5.588379e-03,1.995850e-03,-1.017253e-02,3.051758e-02,5.086263e-03
3.400000e-01,-5.987549e-04,-3.991699e-03,1.995850e-03,-1.017253e-02,3.051758e-02,5.086263e-03
3.600000e-01,4.191284e-03,5.588379e-03,1.995850e-03,-1.017253e-02,-3.051758e-02,5.086263e-03
3.800000e-01,4.191284e-03,-3.991699e-03,-2.794189e-03,5.086263e-02,3.051758e-02,5.086263e-03
4.000000e-01,-5.388794e-03,1.037842e-02,6.785889e-03,-1.017253e-02,-3.051758e-02,5.086263e-03
4.200000e-01,4.191284e-03,5.588379e-03,1.995850e-03,-1.017253e-02,3.051758e-02,-5.594889e-02
4.400000e-01,-5.987549e-04,7.983398e-04,-2.794189e-03,-1.017253e-02,3.051758e-02,5.086263e-03
4.600000e-01,-5.987549e-04,-3.991699e-03,-2.794189e-03,5.086263e-02,3.051758e-02,5.086263e-03
4.800000e-01,-5.987549e-04,-3.991699e-03,1.995850e-03,-1.017253e-02,-3.051758e-02,-5.594889e-02
5.000000e-01,4.191284e-03,7.983398e-04,1.995850e-03,-1.017253e-02,3.051758e-02,5.086263e-03
5.200000e-01,-5.388794e-03,5.588379e-03,-2.794189e-03,-1.017253e-02,-3.051758e-02,5.086263e-03
5.400000e-01,-5.987549e-04,7.983398e-04,1.995850e-03,-1.017253e-02,-3.051758e-02,5.086263e-03
5.600000e-01,-5.388794e-03,7.983398e-04,-2.794189e-03,-1.017253e-02,3.051758e-02,5.086263e-03
5.800000e-01,-5.987549e-04,7.983398e-04,-2.794189e-03,-1.017253e-02,-3.051758e-02,5.086263e-03
6.000000e-01,-5.388794e-03,-3.991699e-03,-2.794189e-03,-1.017253e-02,-3.051758e-02,5.086263e-03
6.200000e-01,4.191284e-03,5.588379e-03,1.995850e-03,-1.017253e-02,-3.051758e-02,5.086263e-03
6.400000e-01,-5.987549e-04,-3.991699e-03,-7.584229e-03,-1.017253e-02,-3.051758e-02,-5.594889e-02
6.600000e-01,-5.987549e-04,7.983398e-04,1.995850e-03,-1.017253e-02,-3.051758e-02,5.086263e-03
6.800000e-01,-5.987549e-04,-3.991699e-03,-2.794189e-03,-1.017253e-02,3.051758e-02,5.086263e-03
7.000000e-01,4.191284e-03,5.588379e-03,-2.794189e-03,5.086263e-02,3.051758e-02,5.086263e-03
7.200000e-01,-5.987549e-04,7.983398e-04,1.995850e-03,-1.017253e-02,3.051758e-02,5.086263e-03
7.400000e-01,-5.388794e-03,7.983398e-04,-7.584229e-03,-1.017253e-02,3.051758e-02,5.086263e-03
7.600000e-01,-5.987549e-04,-3.991699e-03,-2.794189e-03,-1.017253e-02,3.051758e-02,5.086263e-03
7.800000e-01,-5.388794e-03,5.588379e-03,6.785889e-03,-1.017253e-02,-3.051758e-02,5.086263e-03
8.000000e-01,-5.987549e-04,5.588379e-03,-2.794189e-03,-1.017253e-02,3.051758e-02,5.086263e-03
8.200000e-01,-5.987549e-04,5.588379e-03,6.785889e-03,-1.017253e-02,-3.051758e-02,5.086263e-03
8.400000e-01,4.191284e-03,7.983398e-04,-7.584229e-03,-1.017253e-02,-3.051758e-02,5.086263e-03
8.600000e-01,-5.987549e-04,7.983398e-04,-2.794189e-03,-1.017253e-02,-3.051758e-02,-5.594889e-02
8.800000e-01,-1.017883e-02,7.983398e-04,-2.794189e-03,-1.017253e-02,3.051758e-02,5.086263e-03
9.000000e-01,-5.987549e-04,-3.991699e-03,6.785889e-03,-1.017253e-02,-3.051758e-02,5.086263e-03
9.200000e-01,-5.388794e-03,7.983398e-04,-2.794189e-03,-1.017253e-02,-3.051758e-02,5.086263e-03
9.400000e-01,-5.388794e-03,7.983398e-04,-2.794189e-03,-1.017253e-02,3.051758e-02,5.086263e-03
9.600000e-01,-5.388794e-03,5.588379e-03,-2.794189e-03,-1.017253e-02,-3.051758e-02,5.086263e-03
9.800000e-01,-5.388794e-03,7.983398e-04,1.995850e-03,-1.017253e-02,3.051758e-02,5.086263e-03
1.000000e+00,4.191284e-03,5.588379e-03,1.995850e-03,-1.017253e-02,-3.051758e-02,5.086263e-03
1.020000e+00,-5.987549e-04,5.588379e-03,1.995850e-03,-1.017253e-02,-3.051758e-02,5.086263e-03
1.040000e+00,-5.987549e-04,7.983398e-04,-2.794189e-03,-1.017253e-02,-3.051758e-02,5.086263e-03
1.060000e+00,-5.388794e-03,7.983398e-04,1.995850e-03,-1.017253e-02,-3.051758e-02,5.086263e-03
1.080000e+00,-5.388794e-03,5.588379e-03,-2.794189e-03,-1.017253e-02,3.051758e-02,5.086263e-03
1.100000e+00,4.191284e-03,7.983398e-04,1.995850e-03,-1.017253e-02,-3.051758e-02,5.086263e-03
1.120000e+00,4.191284e-03,7.983398e-04,-2.794189e-03,-1.017253e-02,-3.051758e-02,5.086263e-03
1.140000e+00,8.981323e-03,-3.991699e-03,-2.794189e-03,-1.017253e-02,-3.051758e-02,-5.594889e-02
1.160000e+00,-5.987549e-04,7.983398e-04,-2.794189e-03,-1.017253e-02,3.051758e-02,5.086263e-03
1.180000e+00,-5.388794e-03,7.983398e-04,1.995850e-03,-1.017253e-02,-3.051758e-02,5.086263e-03
1.200000e+00,-1.017883e-02,7.983398e-04,-7.584229e-03,-1.017253e-02,3.051758e-02,5.086263e-03
1.220000e+00,-5.987549e-04,7.983398e-04,1.995850e-03,5.086263e-02,-3.051758e-02,5.086263e-03
1.240000e+00,-5.987549e-04,7.983398e-04,-2.794189e-03,-1.017253e-02,3.051758e-02,5.086263e-03
1.260000e+00,4.191284e-03,7.983398e-04,-1.237427e-02,-1.017253e-02,-3.051758e-02,5.086263e-03
1.280000e+00,-5.388794e-03,7.983398e-04,-2.794189e-03,-1.017253e-02,3.051758e-02,5.086263e-03
1.300000e+00,-5.388794e-03,-3.991699e-03,1.995850e-03,-1.017253e-02,3.051758e-02,5.086263e-03
1.320000e+00,4.191284e-03,-3.991699e-03,-2.794189e-03,-1.017253e-02,-3.051758e-02,5.086263e-03
1.340000e+00,-5.987549e-04,5.588379e-03,-7.584229e-03,-1.017253e-02,-3.051758e-02,5.086263e-03
1.360000e+00,-2.454895e-02,9.635962e-01,2.414978e-01,7.832845e-01,-1.434326e+00,1.881917e-01
1.380000e+00,5.688171e-02,-5.644263e-01,-6.985474e-02,1.729329e-01,-6.408691e-01,6.612142e-02
1.400000e+00,2.335144e-02,1.516846e-02,3.552612e-02,-1.017253e-02,3.051758e-02,5.086263e-03
1.420000e+00,-5.987549e-04,-1.836182e-02,-2.674438e-02,-7.120768e-02,3.051758e-02,5.086263e-03
1.440000e+00,-4.269122e-01,1.586301e+00,2.271277e-01,4.781087e-01,-7.171631e+00,5.086263e-03
1.460000e+00,2.335144e-02,2.443718e+00,2.510779e-01,-9.256999e-01,-1.113892e+01,3.102620e-01
1.480000e+00,1.805246e+00,3.856780e+00,2.702380e-01,1.189168e+01,8.758545e+00,-4.831950e-01
1.500000e+00,-1.341810e+00,3.689128e+00,-1.401486e+00,-2.817790e+00,-7.781982e+00,-1.032511e+00
1.520000e+00,-6.089337e-01,4.891428e+00,2.702380e-01,5.666097e+00,2.838135e+00,4.933675e-01
1.540000e+00,3.203937e+00,5.423123e+00,1.865321e+00,1.292928e+01,2.548218e+01,4.338582e+00
1.560000e+00,-5.987549e-04,4.134602e+00,-1.991858e-01,-1.719157e+00,6.378174e+00,4.094442e+00
1.580000e+00,3.347040e-01,4.632766e+00,5.947632e-02,-1.032511e+01,-8.087158e+00,-1.169840e-01
1.600000e+00,-2.673441e+00,4.450745e+00,9.887439e-01,6.154378e+00,-4.791260e+00,2.385457e+00
1.620000e+00,1.465153e+00,4.872268e+00,1.553969e+00,1.744588e+01,6.317139e+00,7.375081e-01
1.640000e+00,-1.586700e-01,3.296345e+00,-4.243176e-01,3.407796e+00,-1.278687e+01,1.103719e+00
1.660000e+00,-2.017804e-01,3.890310e+00,2.497606e+00,1.769002e+01,1.004028e+01,2.751668e+00
1.680000e+00,8.999286e-01,3.104744e+00,-1.238624e+00,9.938558e+00,2.725220e+01,7.985433e-01
1.700000e+00,1.096320e+00,4.005271e+00,1.812631e+00,1.720174e+01,2.838135e+00,3.300985e+00
1.720000e+00,3.682343e-01,3.138274e+00,2.176674e+00,1.207479e+01,4.913330e+00,1.653035e+00
1.740000e+00,1.153801e+00,2.352708e+00,-9.464319e-01,6.703695e+00,-1.922607e+00,-3.000895e-01
1.760000e+00,9.999207e-02,1.303689e+00,1.600671e-01,3.041585e+00,2.664185e+01,6.841024e+00
1.780000e+00,7.274872e-01,5.947632e-01,9.779663e-02,-2.265422e+01,2.578735e+01,8.000692e+00
1.800000e+00,7.658075e-01,1.270159e+00,-1.085343e+00,-1.758830e+01,-4.852295e+00,1.428731e+01
1.820000e+00,2.154919e+00,1.102507e+00,-3.178590e+00,-3.394572e+01,-2.136230e-01,-7.273356e-01
1.840000e+00,-1.217269e+00,1.854543e+00,-8.171008e-01,-3.150431e+01,1.251221e+00,-3.473918e+00
1.860000e+00,2.198029e+00,2.577839e+00,3.158632e+00,-1.478068e+01,1.193237e+01,4.399618e+00
1.880000e+00,-2.462679e+00,3.981321e+00,1.056882e+01,2.055868e+01,-1.528931e+01,-1.169840e-01
1.900000e+00,3.419489e+00,1.035447e+00,1.870111e+00,1.299032e+01,5.642700e+01,-6.769816e+00
1.920000e+00,-3.742218e-01,2.055725e+00,3.800497e+00,1.555379e+01,8.026123e+00,3.728231e+00
1.940000e+00,-2.472259e+00,1.301294e-01,-5.967590e-01,1.793416e+01,-1.321411e+01,-2.192179e+00
1.960000e+00,-6.137238e-01,1.016287e+00,9.600037e-01,5.849202e+00,2.471924e+00,-3.412882e+00
1.980000e+00,-9.822431e-02,9.797911e-01,1.776591e+00,6.176177e-01,4.955473e-01,1.993088e+00
2.000000e+00,-7.957452e-01,4.893823e-01,8.163025e-01,1.567586e+01,-7.110596e+00,-6.037394e+00
2.020000e+00,7.226971e-01,-1.158391e+00,-2.234952e+00,-7.425944e-01,7.171631e+00,-1.232402e+01
2.040000e+00,-8.628058e-01,5.133325e-01,-2.076881e+00,-1.880900e+01,4.302979e+00,1.032003e+01
2.060000e+00,-3.023712e-01,1.538401e+00,4.255551e+00,1.073201e+01,-5.584717e+00,1.271566e-01
2.080000e+00,7.993378e-01,-1.062590e+00,-4.807203e+00,-1.075236e+01,-4.119873e+00,-5.121867e+00
2.100000e+00,-2.491419e+00,8.246851e-01,-2.737906e+00,-1.160685e+01,-1.907349e+01,7.451375e+00
2.120000e+00,4.430187e+00,1.409070e+00,5.247089e+00,1.469930e+01,1.181030e+01,-4.999797e+00
2.140000e+00,4.156784e-01,-3.932964e+00,-4.652325e+00,1.382737e+01,4.021054e+00,-7.034302e+00
2.160000e+00,-2.045945e+00,-3.946194e+00,-3.954576e+00,-9.592692e+00,6.988525e+00,5.315145e+00
2.180000e+00,-1.496887e-02,-2.801375e+00,1.025867e-01,4.170736e-01,-8.453369e+00,-7.273356e-01
2.200000e+00,-2.537723e+00,-1.720194e+00,6.785889e-03,6.171817e+00,-3.379749e+01,1.597813e+00
2.220000e+00,2.676434e-01,1.011497e+00,1.534808e+00,-1.014201e+01,1.739502e+00,-9.394328e+00
2.240000e+00,7.658075e-01,6.937573e-01,-1.556763e-02,-6.744385e+00,1.445516e+01,-6.973267e+00
2.260000e+00,1.263972e+00,3.760181e-01,-1.565944e+00,-3.346761e+00,2.717082e+01,-4.552205e+00
2.280000e+00,1.762136e+00,5.827881e-02,-3.116320e+00,5.086263e-02,3.988647e+01,-2.131144e+00
2.300000e+00,1.273552e+00,9.875464e-01,-1.784689e+00,-1.484172e+01,1.791382e+01,-3.229777e+00
2.320000e+00,2.902165e+00,2.096098e+00,2.818710e-01,-1.123338e+00,3.128342e+01,-1.130967e+01
2.340000e+00,-3.215314e-01,-2.770239e-01,-4.639552e+00,7.253011e+00,-2.438354e+01,-9.638468e+00
2.360000e+00,3.490741e-01,5.516528e-01,-3.101949e+00,-4.343669e+00,-2.853394e+01,-5.610148e+00
2.380000e+00,-2.366878e+00,1.476130e+00,1.266566e+00,5.605062e+00,-1.132202e+01,-3.168742e+00
2.400000e+00,2.628534e-01,-6.410669e-01,-2.613365e+00,2.431234e+00,-3.570557e+00,3.239950e+00
2.420000e+00,-9.538165e-01,-3.991699e-03,-3.087579e+00,3.468831e+00,8.026123e+00,-2.009074e+00
2.440000e+00,-1.490301e+00,8.198950e-01,1.769520e+00,1.048787e+01,-1.339722e+01,6.154378e-01
2.460000e+00,-4.849915e-02,-2.961841e-01,-1.243414e+00,9.267171e+00,-1.412964e+01,-2.741496e+00
2.480000e+00,8.711884e-01,-8.901489e-01,-6.143624e+00,8.778890e+00,2.963257e+01,-3.290812e+00
2.500000e+00,9.382489e-01,-4.638354e-01,-1.008702e+00,4.079183e+00,-6.805420e+00,-1.581828e+00
2.520000e+00,-4.670887e+00,-2.887595e+00,-2.196632e+00,-2.268473e+00,-1.315308e+01,6.879171e+01
2.540000e+00,-1.792073e+00,-3.519880e+00,-7.484835e+00,-1.667277e+01,5.798340e-01,1.451467e+02
2.560000e+00,2.988386e+00,-2.791794e+00,-4.865881e-01,-1.111857e+01,-1.895142e+01,1.944631e+02
2.580000e+00,1.929787e+00,-4.032415e+00,-1.755948e+00,-8.494059e+00,-2.664185e+01,2.286428e+02
2.600000e+00,4.300856e+00,-1.455374e+00,-3.992897e+00,7.832845e-01,5.789185e+01,2.648366e+02
2.620000e+00,5.349875e+00,-2.825325e+00,-4.338977e-01,-2.085368e+00,1.190186e+00,2.625783e+02
2.640000e+00,2.868635e+00,-7.272876e-01,-2.704376e+00,2.919515e+00,5.584717e+00,2.708181e+02
2.660000e+00,6.288723e+00,4.558521e-01,1.989862e+00,1.250203e+01,5.889893e+00,2.882131e+02
2.680000e+00,7.936496e+00,5.133325e-01,4.490262e+00,1.393636e+00,-3.448486e+00,2.996267e+02
2.700000e+00,4.818181e+00,-1.716431e-01,-3.355822e+00,1.469930e+01,1.528931e+01,3.038991e+02
2.720000e+00,7.706574e+00,1.725212e+00,1.347997e+00,8.717855e+00,3.005981e+01,3.070119e+02
2.740000e+00,3.644621e+00,1.516846e-02,-2.201422e+00,-1.233927e+01,-3.814697e+00,3.089040e+02
2.760000e+00,7.208410e+00,1.068977e+00,-3.572571e-01,1.195272e+01,3.967285e-01,2.869924e+02
2.780000e+00,7.946076e+00,-9.021240e-02,-7.213000e-01,3.651937e+00,1.190186e+00,2.783864e+02
2.800000e+00,7.332951e+00,-4.638354e-01,-4.117438e+00,8.534749e+00,3.762817e+01,2.642873e+02
2.820000e+00,8.961564e+00,1.112087e+00,5.453060e+00,9.267171e+00,6.011963e+00,2.426198e+02
2.840000e+00,3.520080e+00,1.159988e+00,-2.809757e+00,1.759847e+00,9.674072e+00,2.387136e+02
2.860000e+00,5.177433e+00,1.301294e-01,2.989783e-01,1.210531e+00,9.735107e+00,2.384694e+02
2.880000e+00,2.772834e+00,1.013892e-01,-2.929508e+00,-4.526774e+00,-1.739502e+00,2.469533e+02
2.900000e+00,7.246730e+00,-2.482837e-01,1.146815e+00,5.421956e+00,9.368896e+00,2.480520e+02
2.920000e+00,4.961882e+00,1.011497e+00,5.815906e-01,1.012166e+01,-2.136230e-01,2.486623e+02
2.940000e+00,3.663781e+00,8.103149e-01,1.664139e+00,3.590902e+00,1.754761e+01,2.617849e+02
2.960000e+00,3.294948e+00,1.883284e+00,1.352787e+00,-3.245036e+00,-2.838135e+00,2.699636e+02
2.980000e+00,4.655319e+00,1.777903e+00,1.683300e+00,6.642660e+00,-5.767822e+00,2.695363e+02
3.000000e+00,5.196594e+00,2.115601e-01,-1.870909e+00,-2.634684e+00,2.410889e+00,2.701467e+02
3.020000e+00,4.818181e+00,-4.494653e-01,-1.444596e+00,6.886800e+00,2.377319e+01,2.727712e+02
3.040000e+00,8.027507e+00,1.979084e+00,5.453060e+00,1.213582e+01,-2.166748e+00,2.464040e+02
3.060000e+00,4.343967e+00,1.859333e+00,2.462878e-01,2.370199e+00,3.051758e-02,2.375539e+02
3.080000e+00,3.141667e+00,1.476130e+00,-1.066183e+00,-4.954020e+00,2.127075e+01,2.412160e+02
3.100000e+00,3.490741e-01,-2.961841e-01,-5.698151e+00,-8.738200e+00,1.290894e+01,2.440847e+02
3.120000e+00,7.217990e+00,-3.057642e-01,-1.033850e-01,2.492269e+00,1.321411e+01,2.324270e+02
3.140000e+00,5.134323e+00,1.397095e-01,-1.688888e+00,3.102620e+00,-1.461792e+01,2.038015e+02
3.160000e+00,3.170407e+00,1.615042e+00,-2.393024e+00,-1.230876e+00,1.956177e+01,1.754812e+02
3.180000e+00,2.595602e+00,1.351589e+00,-2.958248e+00,-3.672282e+00,3.753662e+00,1.468557e+02
3.200000e+00,2.009621e+00,1.318059e+00,-2.211002e+00,-2.634684e+00,-3.285726e+00,1.252085e+02
3.220000e+00,1.423640e+00,1.284529e+00,-1.463756e+00,-1.597087e+00,-1.032511e+01,1.035614e+02
3.240000e+00,8.376581e-01,1.250999e+00,-7.165100e-01,-5.594889e-01,-1.736450e+01,8.191427e+01
3.260000e+00,2.705773e+00,2.759861e+00,-1.896057e-01,2.431234e+00,6.448364e+01,7.263692e+01
3.280000e+00,3.658991e+00,-9.428394e-01,-2.292433e+00,4.170736e-01,8.087158e+00,5.829366e+01
3.300000e+00,9.813593e-01,-3.824048e-01,-2.201422e+00,1.164754e+01,-1.443481e+01,3.082784e+01
3.320000e+00,1.968107e+00,5.181226e-01,2.483236e+00,1.701864e+01,1.495361e+00,3.009542e+01
3.340000e+00,3.251239e-01,1.888074e+00,1.697670e+00,4.384359e+00,2.349854e+00,3.381856e+01
3.360000e+00,2.097438e+00,1.068977e+00,2.708368e+00,8.900960e+00,1.129150e+00,1.959737e+01
3.380000e+00,1.762136e+00,-9.500244e-02,-2.589415e+00,1.158651e+01,-9.674072e+00,2.484639e+01
3.400000e+00,5.694159e-01,-6.171167e-01,-3.006149e+00,9.145101e+00,1.730347e+01,1.068624e+01
3.420000e+00,1.263972e+00,1.971899e-01,1.840173e-01,6.337484e+00,2.899170e+00,1.440938e+01
3.440000e+00,-3.119513e-01,3.507107e+00,3.187372e+00,2.568563e+01,-4.577637e-01,5.437215e+00
3.460000e+00,4.363127e+00,-6.075366e-01,9.168933e-01,-3.733317e+00,1.693726e+01,-4.046122e+01
3.480000e+00,-2.694197e+00,-3.794395e-01,-2.531935e+00,-2.977644e+00,7.404146e+00,-8.429028e+01
3.500000e+00,-3.296146e+00,2.953857e-02,3.618475e+00,1.042684e+01,-1.376343e+01,-1.036326e+02
3.520000e+00,-7.574249e-01,-1.800256e+00,-1.070973e+00,1.213582e+01,-3.189087e+01,-1.365916e+02
3.540000e+00,-3.626658e+00,-2.030178e+00,-4.218029e+00,-1.258341e+01,9.368896e+00,-1.544749e+02
3.560000e+00,-3.166815e+00,-3.919849e-01,8.115125e-01,-2.268473e+00,3.997803e+00,-1.560008e+02
3.580000e+00,-3.736829e+00,4.510620e-01,7.384644e-02,3.224691e+00,-1.669312e+01,-1.730906e+02
3.600000e+00,-4.453054e+00,9.209420e-01,2.815574e+00,-5.536761e-01,-1.332165e+01,-1.843095e+02
3.620000e+00,-4.867278e+00,8.151050e-01,2.468866e+00,-1.536051e+00,-1.040649e+01,-1.965892e+02
3.640000e+00,-3.655399e+00,4.989624e-01,3.709486e+00,1.128133e+01,-1.678467e+00,-1.930491e+02
3.660000e+00,-5.852116e-01,3.820626e-02,-2.462821e+00,-6.273542e+00,-1.138596e+01,-2.041517e+02
3.680000e+00,-3.765569e+00,1.157593e-01,-2.470862e-01,-1.264445e+01,3.204346e+00,-1.970774e+02
3.700000e+00,-3.679349e+00,1.246208e+00,2.397015e+00,7.436117e+00,1.126099e+01,-2.039744e+02
3.720000e+00,-4.710348e+00,1.467805e-01,-4.313886e-01,5.169096e+00,-2.518572e+01,-2.078109e+02
3.740000e+00,-4.469705e+00,-2.674438e-01,-6.063391e-01,-4.282633e+00,-4.974365e+00,-2.015330e+02
3.760000e+00,-5.135521e+00,1.318059e+00,1.573129e+00,-6.815592e-01,2.655029e+00,-2.102610e+02
3.780000e+00,-6.462361e+00,3.456812e-01,-1.339215e+00,1.115926e+01,-2.658081e+01,-2.094065e+02
3.800000e+00,-4.886439e+00,1.227048e+00,-1.225452e-01,-5.320231e+00,-9.429932e+00,-2.148387e+02
3.820000e+00,-6.768924e+00,-4.877856e-01,-1.267365e+00,-1.734416e+01,-1.852417e+01,-2.086131e+02
3.840000e+00,-6.620433e+00,6.139233e-01,1.443798e+00,-1.597087e+00,-1.608276e+01,-1.983592e+02
3.860000e+00,-4.685257e+00,7.959448e-01,-1.698468e+00,9.206136e+00,-2.865601e+01,-2.040965e+02
3.880000e+00,-4.321214e+00,-5.692163e-01,-1.243414e+00,-2.756755e+00,-1.260376e+01,-2.069041e+02
3.900000e+00,-5.609734e+00,1.092927e+00,4.528583e+00,-4.526774e+00,-2.548218e+01,-2.096507e+02
3.920000e+00,-3.933221e+00,1.298899e+00,3.316703e+00,1.012166e+01,1.800537e+00,-2.093455e+02
3.940000e+00,-6.749764e+00,1.782693e+00,2.004232e+00,4.781087e-01,-2.590942e+01,-2.065989e+02
3.960000e+00,-5.940247e+00,3.504712e-01,-1.583507e+00,-3.794352e+00,-1.260376e+01,-2.070872e+02
3.980000e+00,-3.909271e+00,8.151050e-01,1.630609e+00,-3.000895e+00,-1.016235e+01,-2.036082e+02
4.000000e+00,-3.847000e+00,4.366919e-01,-3.782135e+00,-1.398722e+01,-1.553345e+01,-1.854197e+02
4.020000e+00,-3.502117e+00,8.630054e-01,-2.517565e+00,-1.215617e+01,2.145386e+01,-1.591746e+02
4.040000e+00,-3.856580e+00,2.505989e+00,2.746688e+00,-6.907145e+00,-9.918213e+00,-1.119334e+02
4.060000e+00,-3.923641e+00,4.031616e-01,-7.165100e-01,-3.611247e+00,-2.969360e+01,-9.691874e+01
4.080000e+00,-3.061434e+00,2.850073e-01,-1.117277e+00,1.597087e+00,-1.351929e+01,-8.251444e+01
4.100000e+00,-2.199227e+00,1.668530e-01,-1.518043e+00,6.805420e+00,2.655029e+00,-6.811015e+01
4.120000e+00,-1.337020e+00,4.869873e-02,-1.918810e+00,1.201375e+01,1.882935e+01,-5.370585e+01
4.140000e+00,-6.765930e-02,3.504712e-01,-1.516447e+00,2.187093e+00,2.304077e+01,-4.162089e+01
4.160000e+00,-2.103426e+00,-1.812231e-01,-2.062511e+00,-6.113688e+00,1.766968e+01,-2.739970e+01
4.180000e+00,-1.969904e-01,1.227048e+00,2.741898e+00,1.097616e+01,-1.437378e+01,-2.855937e+01
4.200000e+00,-7.957452e-01,1.356379e+00,1.362367e+00,1.726278e+01,-2.273560e+01,-2.794902e+01
4.220000e+00,-6.286926e-02,-4.782056e-01,-7.260901e-01,6.581624e+00,1.260376e+01,-2.550761e+01
4.240000e+00,-7.382648e-01,-1.357178e-02,6.773914e-01,-3.184001e+00,-8.758545e+00,-1.787821e+01
4.260000e+00,5.263055e-01,-1.955933e-01,3.133484e-01,-5.808512e+00,-1.150513e+01,-7.197062e+00
4.280000e+00,5.837860e-01,1.203098e+00,9.216833e-01,-1.343791e+01,-4.302979e+00,-1.836650e+01
4.300000e+00,-1.035247e+00,-3.184578e+00,-3.183380e+00,-2.814738e+01,3.326416e+00,-1.159159e+01
4.320000e+00,5.023553e-01,-3.026506e+00,1.644979e+00,-9.165446e+00,-3.814697e+00,-7.990519e+00
4.340000e+00,1.402883e+00,-3.562991e+00,-3.715074e+00,-1.056925e+01,-3.082275e+00,-5.488078e+00
4.360000e+00,9.190887e-01,-2.528342e+00,3.277185e-01,-3.550212e+00,8.453369e+00,-3.595988e+00
4.380000e+00,1.795666e+00,1.253394e-01,-3.716272e-01,-7.578532e+00,1.577759e+01,-1.195780e+01
4.400000e+00,-2.117796e+00,2.223376e+00,5.624304e-01,1.616414e+01,-9.490967e+00,8.427938e+00
4.420000e+00,3.438649e+00,2.141946e+00,-7.404602e-01,6.642660e+00,1.034546e+01,-2.558390e+00
4.440000e+00,-2.074686e+00,1.433020e+00,1.600671e-01,2.919515e+00,5.950928e+00,-7.136027e+00
4.460000e+00,1.862726e+00,1.342009e+00,1.774310e+00,1.360067e+01,2.066040e+01,4.338582e+00
4.480000e+00,3.290158e+00,1.964714e+00,4.432782e+00,2.428182e+01,3.875732e+00,-1.293437e+01
4.500000e+00,-4.173322e-01,7.432544e-01,-2.039758e-01,-4.892985e+00,5.279541e+00,-2.802531e+00
4.520000e+00,-1.293909e+00,1.140828e+00,-6.877698e-01,3.560384e-01,-4.180908e+00,1.714071e+00
4.540000e+00,-1.542991e+00,1.073767e+00,1.668929e+00,6.612142e-01,-6.195068e+00,-2.802531e+00
4.560000e+00,9.717792e-01,8.677954e-01,-2.982198e+00,-1.642863e+01,-1.974487e+01,-2.436320e+00
4.580000e+00,1.479523e+00,-1.148811e+00,-3.906676e+00,-4.984538e-01,3.359985e+01,-4.816691e+00
4.600000e+00,-3.391946e+00,-2.399011e+00,1.400687e+00,3.651937e+00,-6.072998e+00,3.545125e+00
4.620000e+00,8.711884e-01,-1.982278e+00,-6.686096e-01,1.012166e+01,4.730225e+00,-1.276652e+00
4.640000e+00,1.032453e+00,-1.091331e+00,-9.943323e-01,1.160685e+01,-4.486084e+00,-1.032511e+00
4.660000e+00,1.193718e+00,-2.003833e-01,-1.320055e+00,1.309204e+01,-1.370239e+01,-7.883708e-01
4.680000e+00,1.354982e+00,6.905640e-01,-1.645778e+00,1.457723e+01,-2.291870e+01,-5.442301e-01
4.700000e+00,-8.244855e-01,1.492896e-01,1.697670e+00,5.727132e+00,-1.052856e+01,4.933675e-01
4.720000e+00,9.740073e-02,5.466272e-01,1.656837e+00,7.448123e+00,-1.383297e+00,-3.608995e+00
4.740000e+00,1.019287e+00,9.439649e-01,1.616003e+00,9.169115e+00,7.761971e+00,-7.711358e+00
4.760000e+00,1.941173e+00,1.341303e+00,1.575170e+00,1.089011e+01,1.690724e+01,-1.181372e+01
4.780000e+00,-2.386038e+00,-1.182341e+00,6.773914e-01,1.210531e+00,-8.087158e+00,-4.723612e+01
4.800000e+00,7.562274e-01,-4.159351e-01,4.681864e+00,8.412679e+00,2.743530e+01,-8.397929e+01
4.820000e+00,-2.807562e+00,-2.854065e+00,-6.660948e+00,-1.508586e+01,3.051758e-02,-1.058909e+02
4.840000e+00,-4.852908e+00,-8.853589e-01,-3.997687e+00,-9.531657e+00,-3.573608e+01,-1.281687e+02
4.860000e+00,-9.921368e-01,-1.445793e+00,-1.621827e+00,-1.447550e+01,-1.156616e+01,-1.588694e+02
4.880000e+00,-3.449427e+00,-5.181226e-01,1.772714e+00,-5.238851e+00,-1.775106e+01,-1.583811e+02
4.900000e+00,-5.906717e+00,4.095483e-01,5.167255e+00,3.997803e+00,-2.393595e+01,-1.578929e+02
4.920000e+00,-8.364007e+00,1.337219e+00,8.561796e+00,1.323446e+01,-3.012085e+01,-1.574046e+02
4.940000e+00,-1.048531e+01,4.302482e+00,6.700523e+00,2.323260e+01,-4.593186e+01,-1.774590e+02
4.960000e+00,-5.614525e+00,2.065305e+00,5.347679e+00,1.592000e+01,-2.655029e+00,-1.946971e+02
4.980000e+00,-3.377576e+00,-5.308960e-01,-3.153442e-02,7.222493e-01,-1.007080e+00,-1.957347e+02
5.000000e+00,-3.339256e+00,7.185059e-03,3.676355e-01,7.425944e-01,5.828857e+00,-1.945140e+02
5.020000e+00,-3.300936e+00,5.452661e-01,7.668054e-01,7.629395e-01,1.266479e+01,-1.932933e+02
5.040000e+00,-3.262615e+00,1.083347e+00,1.165975e+00,7.832845e-01,1.950073e+01,-1.920726e+02
5.060000e+00,-4.581017e+00,4.902947e-01,7.417147e-01,8.863177e+00,6.072998e+00,-1.954440e+02
5.080000e+00,-5.633685e+00,9.013257e-01,-1.976290e+00,9.084066e+00,-2.536011e+01,-2.067820e+02
5.100000e+00,-1.566942e+00,-8.039282e-01,-4.578479e-01,9.938558e+00,4.791260e+00,-2.067820e+02
5.120000e+00,-4.723805e+00,8.108852e-02,3.940377e-02,-9.708949e+00,-4.509335e+00,-2.028293e+02
5.140000e+00,-3.171605e+00,1.301294e-01,-1.094923e+00,4.201253e+00,-4.913330e+00,-1.993357e+02
5.160000e+00,-3.928431e+00,9.923364e-01,-1.545187e+00,-7.151286e+00,5.706787e+00,-2.096507e+02
5.180000e+00,-4.287684e+00,-8.326685e-01,-5.999923e+00,-1.154582e+01,-1.376343e+01,-2.109934e+02
5.200000e+00,-4.632567e+00,-2.099634e-01,-7.165100e-01,2.614339e+00,-1.559448e+01,-2.081858e+02
5.220000e+00,-3.823050e+00,5.037524e-01,-3.045667e-01,4.079183e+00,-1.907349e+01,-2.060496e+02
5.240000e+00,-3.439847e+00,-1.716431e-01,-1.224254e+00,-2.024333e+00,1.809692e+01,-1.981150e+02
5.260000e+00,-7.027586e+00,2.786206e-01,-5.823889e-01,-8.005778e+00,-2.127075e+01,-1.937815e+02
5.280000e+00,-6.663543e+00,1.289319e+00,-9.224817e-01,6.581624e+00,-2.420044e+01,-2.056224e+02
5.300000e+00,-4.158353e+00,2.242537e+00,4.043591e-01,-5.594889e-01,-6.256104e+00,-2.087962e+02
5.320000e+00,-7.286248e+00,1.294109e+00,-6.506470e-02,-4.465739e+00,2.105713e+00,-1.993357e+02
5.340000e+00,-5.432503e+00,-8.230884e-01,-2.531935e+00,-9.256999e-01,3.051758e-02,-1.976878e+02
5.360000e+00,-5.858817e+00,2.594604e-01,-3.216910e+00,2.370199e+00,-3.060913e+01,-2.018992e+02
5.380000e+00,-4.057762e+00,-1.613445e+00,-3.533053e+00,-1.307170e+01,5.035400e+00,-2.009226e+02
5.400000e+00,-7.923323e+00,1.016287e+00,1.362367e+00,-1.551310e+01,-1.821899e+01,-1.957957e+02
5.420000e+00,-3.650609e+00,5.899731e-01,-1.981080e+00,-3.184001e+00,-8.392334e+00,-2.016551e+02
5.440000e+00,-5.293592e+00,-1.357178e-02,-3.940206e+00,-1.111857e+01,-1.846313e+01,-2.056224e+02
5.460000e+00,-4.436175e+00,-1.278142e+00,-2.426554e+00,-1.844279e+01,9.155273e-02,-2.058665e+02
5.480000e+00,-2.898572e+00,-9.332593e-01,3.181384e-01,-7.639567e+00,-1.068115e+00,-1.967112e+02
5.500000e+00,-4.752318e+00,7.672046e-01,-1.521237e+00,6.825765e+00,-1.840210e+01,-1.964671e+02
5.520000e+00,-3.602708e+00,6.330835e-01,-1.377535e+00,-1.087443e+01,2.227783e+00,-2.085520e+02
5.540000e+00,-4.680467e+00,-3.249243e-01,7.444519e-01,-9.714762e+00,-2.023315e+01,-2.077586e+02
5.560000e+00,-4.541556e+00,8.055249e-01,-1.512854e-01,6.886800e+00,3.356934e-01,-2.035472e+02
5.580000e+00,-6.725814e+00,3.741819e+00,5.017167e+00,-7.120768e-02,-1.138306e+01,-2.047068e+02
5.600000e+00,-6.558162e+00,-6.027466e-01,-2.608575e+00,-1.502482e+01,-8.453369e+00,-2.030589e+02
5.620000e+00,-3.760779e+00,5.995532e-01,6.905640e-02,-2.399699e+01,-1.556396e+00,-1.917063e+02
5.640000e+00,-2.544109e+00,6.330835e-01,-3.216910e+00,-4.749552e+01,-9.002686e+00,-1.541697e+02
5.660000e+00,-1.193318e+00,-1.955933e-01,-4.653922e+00,-4.493205e+01,2.609253e+01,-1.226145e+02
5.680000e+00,-3.320096e+00,2.300017e+00,2.009022e+00,-4.529826e+01,-1.556396e+00,-8.526103e+01
5.700000e+00,-5.039720e+00,6.043433e-01,-2.498405e+00,-3.333537e+01,-1.254272e+01,-7.610575e+01
5.720000e+00,-3.420687e+00,1.691682e+00,2.310795e+00,-2.839152e+01,7.598877e+00,-5.394999e+01
5.740000e+00,-4.057762e+00,1.001917e+00,2.023392e+00,1.332601e+00,-2.474976e+01,-5.492655e+01
5.760000e+00,6.939569e-01,7.384644e-01,2.526346e+00,6.825765e+00,5.767822e+00,-3.606669e+01
5.780000e+00,1.901047e+00,6.139233e-01,-3.082789e+00,5.666097e+00,-5.218506e+00,-3.808085e+01
5.800000e+00,9.813593e-01,5.133325e-01,-2.484034e+00,5.910238e+00,-1.396688e+01,-3.085836e+01
5.820000e+00,6.167175e-02,4.127417e-01,-1.885280e+00,6.154378e+00,-2.271525e+01,-2.363586e+01
5.840000e+00,-8.580157e-01,3.121509e-01,-1.286525e+00,6.398519e+00,-3.146362e+01,-1.641337e+01
5.860000e+00,6.891669e-01,9.348560e-01,-5.296985e-01,9.572347e+00,-1.663208e+01,-1.415507e+01
5.880000e+00,-4.125421e-01,-6.602271e-01,-1.094923e+00,-2.576701e+01,6.317139e+00,-3.718058e+00
5.900000e+00,1.493893e+00,6.426636e-01,1.894061e+00,-1.819865e+01,-1.040649e+01,-1.360575e+01
5.920000e+00,2.950065e+00,3.911865e-02,-1.985870e+00,-2.485148e+01,-1.129150e+00,-3.229777e+00
5.940000e+00,1.158591e+00,-3.488745e-01,-3.796505e+00,-3.461711e+01,2.011108e+01,-4.084269e+00
5.960000e+00,-1.375340e+00,1.988665e+00,2.320375e+00,-2.430216e+01,-1.235962e+01,-4.633586e+00
5.980000e+00,3.442841e-01,2.477249e+00,3.177792e+00,-1.014201e+01,-1.022339e+01,-3.351847e+00
6.000000e+00,1.972897e+00,2.237747e+00,5.069857e+00,1.244100e+01,-1.556396e+00,-1.555888e+01
6.020000e+00,3.347040e-01,1.935974e+00,2.071293e+00,9.663900e-01,1.675415e+01,5.376180e+00
6.040000e+00,2.341132e-01,9.109058e-01,4.091492e-01,1.347860e+01,-6.988525e+00,-5.182902e+00
6.060000e+00,1.249601e+00,7.097241e-01,-1.473336e+00,1.149495e+00,-6.011963e+00,-7.624308e+00
6.080000e+00,-1.916614e+00,-4.710205e-02,-4.859894e+00,-5.686442e+00,-7.293701e+00,5.803426e+00
6.100000e+00,1.287323e-01,7.432544e-01,1.386317e+00,1.030477e+01,-2.359009e+01,-4.877726e+00
6.120000e+00,1.134641e+00,1.365959e+00,6.486511e-01,2.019246e+01,-1.773071e+01,4.643758e+00
6.140000e+00,4.257147e-01,-1.321252e+00,-3.643224e+00,-1.423136e+01,2.044678e+00,1.775106e+00
6.160000e+00,5.215155e-01,2.065305e+00,1.644979e+00,-3.122965e+00,8.392334e+00,2.507528e+00
6.180000e+00,-3.071613e-01,1.030657e+00,7.923523e-01,1.518758e+01,-3.427124e+01,1.469930e+00
6.200000e+00,2.198029e+00,1.686892e+00,-1.770319e+00,1.982625e+01,-7.629395e-01,1.286825e+00
6.220000e+00,9.238788e-01,9.348560e-01,-6.925598e-01,-1.475016e+00,1.266479e+01,3.911336e+00
6.240000e+00,2.423161e+00,-3.991699e-03,-6.398694e-01,7.802327e+00,-3.143311e+00,1.042684e+00
6.260000e+00,1.747766e+00,1.155198e+00,-2.373864e+00,8.717855e+00,5.096436e+00,-5.549113e+00
6.280000e+00,-1.188528e+00,8.630054e-01,-1.248204e+00,1.695760e+01,1.675415e+01,2.263387e+00
6.300000e+00,1.455573e+00,1.126458e+00,7.205017e-01,9.145101e+00,-9.552002e+00,3.484090e+00
6.320000e+00,6.460565e-01,5.037524e-01,-3.437252e+00,1.616414e+01,3.631592e+00,-5.549113e+00
6.340000e+00,2.703492e+00,1.653362e+00,8.600971e-01,1.965187e+01,4.810006e+01,-2.012707e-01
6.360000e+00,-1.705853e+00,9.061157e-01,4.714197e-01,1.390584e+01,9.674072e+00,7.985433e-01
6.380000e+00,-9.639954e-02,1.873704e+00,1.644979e+00,2.422078e+01,-1.373291e+00,-1.154582e+00
6.400000e+00,1.285869e+00,6.875987e-01,-1.100568e-02,-2.983457e+00,3.710792e+01,-3.712245e+00
6.420000e+00,-2.275867e+00,7.863647e-01,1.285726e+00,-1.832072e+01,1.962280e+01,-6.052653e-01
6.440000e+00,-1.725013e+00,1.801853e+00,1.295306e+00,-6.174723e+00,-1.779175e+01,-5.594889e-02
6.460000e+00,2.371611e+00,6.431198e-01,-1.282191e+00,-9.488060e+00,2.772304e+01,-2.729870e+00
6.480000e+00,-2.257306e-01,-2.913940e-01,2.510779e-01,-5.747477e+00,5.288696e+01,2.324422e+00
6.500000e+00,-1.121468e+00,1.653362e+00,2.186254e+00,3.233846e+01,7.843018e+00,-1.093547e+00
6.520000e+00,2.844684e+00,3.432861e-02,-9.655920e-01,6.642660e+00,4.067993e+01,-4.755656e+00
6.540000e+00,-2.318978e+00,-2.003833e-01,-4.590454e-02,-1.017253e-02,2.383423e+01,-2.390544e-01
6.560000e+00,-8.292755e-01,1.447390e+00,5.959607e-01,2.458700e+01,-2.731323e+01,-1.032511e+00
6.580000e+00,2.380051e+00,8.630054e-01,8.977332e-01,1.683553e+01,3.854370e+01,-3.779093e+00
6.600000e+00,-3.214715e+00,8.294751e-01,6.199109e-01,1.476034e+01,1.205444e+01,-4.831950e-01
6.620000e+00,-2.184857e+00,-1.254192e+00,-3.820455e+00,2.858480e+00,-2.960205e+00,-1.250712e+01
6.640000e+00,-1.107697e-01,1.619832e+00,2.832909e+00,-2.543132e-01,3.787231e+01,-7.273356e-01
6.660000e+00,-1.480721e+00,2.798181e+00,5.951224e+00,-4.954020e+00,-7.232666e+00,-4.389445e+00
6.680000e+00,-3.478167e+00,1.399490e+00,5.815906e-01,3.407796e+00,-2.493286e+01,5.498250e+00
6.700000e+00,-2.371668e+00,7.528345e-01,5.672205e-01,1.073201e+01,-3.051758e-02,-5.976359e+00
6.720000e+00,4.640350e-01,2.117996e+00,3.005350e+00,2.080282e+01,1.156616e+01,8.061727e+00
6.740000e+00,-4.370911e-02,9.180908e-02,-2.172682e+00,4.857381e+01,-2.859497e+01,-4.084269e+00
6.760000e+00,5.688171e-02,-2.371069e-01,-2.658073e+00,3.689575e+01,-2.009074e+01,-4.999797e+00
6.780000e+00,1.574725e-01,-5.660229e-01,-3.143463e+00,2.521769e+01,-1.158651e+01,-5.915324e+00
6.800000e+00,2.580634e-01,-8.949390e-01,-3.628854e+00,1.353963e+01,-3.082275e+00,-6.830851e+00
6.820000e+00,2.111808e+00,3.792114e-01,-2.570255e+00,2.361043e+01,3.958130e+01,8.595785e-01
6.840000e+00,3.769162e+00,1.562351e+00,4.427992e+00,5.327352e+01,2.023315e+01,-1.154582e+00
6.860000e+00,1.340612e+00,-1.033850e+00,-4.352150e+00,2.782186e+01,1.083374e+01,-4.084269e+00
6.880000e+00,-2.980003e+00,-3.457610e+00,-9.156559e+00,7.436117e+00,-3.875732e+00,1.286825e+00
6.900000e+00,-3.511697e+00,-6.075366e-01,-1.497286e+00,4.637655e+01,-2.151489e+01,-9.714762e-01
6.920000e+00,1.752556e+00,-9.332593e-01,-3.327081e+00,4.933675e+00,2.532959e+00,-9.577433e+00
6.940000e+00,-1.874103e-01,2.450903e-01,1.161185e+00,-1.722209e+01,1.608276e+01,1.410421e+01
6.960000e+00,-2.273273e-01,5.324927e-01,1.106898e+00,-4.262288e+00,7.843018e+00,1.166280e+01
6.980000e+00,-2.672443e-01,8.198950e-01,1.052611e+00,8.697510e+00,-3.967285e-01,9.221395e+00
7.000000e+00,-3.071613e-01,1.107297e+00,9.983240e-01,2.165731e+01,-8.636475e+00,6.779989e+00
7.020000e+00,-1.145418e+00,-1.445793e+00,-2.997766e-01,3.001912e+01,-5.148315e+01,-3.046672e+00
7.040000e+00,5.215155e-01,-1.292512e+00,-8.011740e+00,7.191976e+00,8.148193e+00,8.061727e+00
7.060000e+00,-7.382648e-01,2.678430e+00,8.762977e+00,5.669149e+01,-1.919556e+01,4.765828e+00
7.080000e+00,1.503474e+00,-5.931665e-01,-3.360612e+00,2.702840e+01,-8.575439e+00,1.286825e+00
7.100000e+00,-1.020877e+00,1.301294e-01,2.655677e+00,1.946004e+01,-2.651978e+01,6.902059e+00
7.120000e+00,9.574091e-01,-1.220662e+00,4.330994e-01,1.927694e+01,-3.143311e+00,-1.337687e+00
7.140000e+00,4.545148e+00,-1.053010e+00,-2.072091e+00,1.622518e+01,6.716919e+01,1.271566e-01
7.160000e+00,-1.207689e+00,-8.326685e-01,2.698788e+00,9.023031e+00,1.617432e+00,3.712972e-01
7.180000e+00,1.599274e+00,-4.782056e-01,-2.570255e+00,-9.867350e-01,5.950928e+00,-2.436320e+00
7.200000e+00,-4.153563e+00,-1.565544e+00,-5.344885e-01,-1.502482e+01,-9.124756e+00,8.794149e+00
7.220000e+00,5.209167e-02,-6.499285e+00,-6.613048e+00,-3.791300e+01,-8.758545e+00,-2.471415e+01
7.240000e+00,-6.999445e-01,-4.640750e+00,-1.799059e+00,-6.556193e+01,4.354858e+01,-9.130351e+01
7.260000e+00,-3.291356e+00,7.743896e-02,6.521239e+00,-3.962199e+01,-2.285767e+01,-1.478221e+02
7.280000e+00,-2.218387e+00,-1.814626e+00,1.812631e+00,-6.946818e+01,2.410889e+00,-1.723582e+02
7.300000e+00,-9.805809e+00,-5.644263e-01,7.340336e+00,-2.418009e+01,-5.026245e+01,-2.271678e+02
7.320000e+00,-7.909552e-01,-6.125662e+00,-1.497286e+00,-1.880900e+01,-2.883911e+01,-2.441355e+02
7.340000e+00,-2.180067e+00,-3.994094e+00,-1.947550e+00,-2.289836e+01,1.321411e+01,-2.620799e+02
7.360000e+00,-1.417911e+01,3.648413e-01,2.579037e+00,8.412679e+00,-7.632446e+01,-2.643992e+02
7.380000e+00,-3.990701e+00,-1.100911e+00,-2.833707e+00,-1.410929e+01,-1.589966e+01,-2.739207e+02
7.400000e+00,-6.467151e+00,-5.548462e-01,-4.111450e-02,-3.071086e+01,-1.101685e+01,-2.764842e+02
7.420000e+00,-6.366561e+00,-3.297144e-01,1.779100e+00,1.445516e+01,-3.646851e+01,-2.688548e+02
7.440000e+00,-1.199007e+01,2.486829e+00,-7.464478e-02,-6.907145e+00,-1.132202e+01,-2.026316e+02
7.460000e+00,-8.560399e+00,2.247327e+00,-1.262574e+00,-1.990763e+01,-8.758545e+00,-1.415354e+02
7.480000e+00,-4.857698e+00,-7.416577e-01,-8.554211e-01,-1.710002e+01,-1.345825e+01,-8.758036e+01
7.500000e+00,-1.849554e+00,4.127417e-01,-1.430226e+00,-2.155558e+01,-1.730347e+01,-4.906718e+01
7.520000e+00,-3.406317e+00,1.349194e-01,-1.540397e+00,-2.002970e+01,2.899170e+00,-3.893534e+01
7.540000e+00,-3.454816e-01,5.803931e-01,3.211322e+00,9.389242e+00,-8.331299e+00,-3.301493e+01
7.560000e+00,1.469943e+00,-1.268562e+00,-3.614484e+00,-6.907145e+00,-3.143311e+00,-3.417460e+01
7.580000e+00,4.400848e-01,-1.148811e+00,-5.731681e+00,-6.235758e+00,9.735107e+00,-2.691142e+01
7.600000e+00,1.637595e+00,-7.584229e-02,1.362367e+00,9.145101e+00,-2.716064e+00,-7.624308e+00
7.620000e+00,1.517844e+00,-6.027466e-01,-3.403722e+00,6.612142e-01,-8.087158e+00,-1.964823e+01
7.640000e+00,-5.993536e-01,5.708130e-01,-2.632526e+00,6.459554e+00,-2.349854e+00,-1.281230e+01
7.660000e+00,-2.257306e-01,-1.211082e+00,4.011259e+00,1.698812e+00,-2.188110e+01,-2.105204e+01
7.680000e+00,-1.266766e+00,-1.254192e+00,3.335863e+00,-2.451579e+00,-2.387492e+01,-5.716451e+01
7.700000e+00,-2.307801e+00,-1.297302e+00,2.660468e+00,-6.601969e+00,-2.586873e+01,-9.327698e+01
7.720000e+00,-3.348836e+00,-1.340413e+00,1.985072e+00,-1.075236e+01,-2.786255e+01,-1.293894e+02
7.740000e+00,1.182541e+00,-2.011018e+00,-2.119991e+00,-1.636759e+01,-1.480103e+01,-1.709544e+02
7.760000e+00,-5.178631e+00,-1.196711e+00,-2.033771e+00,-4.160563e+00,-3.631592e+00,-1.843821e+02
7.780000e+00,-3.114124e+00,-5.500562e-01,1.788680e+00,-9.256999e-01,-9.460449e-01,-1.903636e+02
7.800000e+00,-3.051854e+00,-1.627815e+00,-4.208448e+00,-4.526774e+00,-6.256104e+00,-2.028758e+02
7.820000e+00,-5.341492e+00,-7.991382e-01,-2.531935e+00,-1.368205e+01,5.401611e+00,-1.995799e+02
7.840000e+00,-4.599036e+00,1.636597e-01,2.794589e+00,-1.230876e+00,-8.819580e+00,-2.062937e+02
7.860000e+00,-3.535648e+00,-5.500562e-01,-3.063629e+00,-2.329508e+00,-3.335571e+01,-2.184397e+02
7.880000e+00,-3.324886e+00,-3.488745e-01,-1.358375e+00,-6.663005e+00,1.193237e+01,-2.164256e+02
7.900000e+00,-4.694837e+00,2.161106e+00,4.902206e+00,7.802327e+00,-6.317139e+00,-2.210032e+02
7.920000e+00,-6.601273e+00,5.851831e-01,-2.710364e-01,5.727132e+00,-3.225708e+01,-2.225291e+02
7.940000e+00,-5.753436e+00,-8.949390e-01,-2.014611e+00,-1.362101e+01,-8.758545e+00,-2.164866e+02
7.960000e+00,-8.977132e+00,1.159988e+00,6.247009e-01,-5.625407e+00,-5.325317e+01,-2.166087e+02
7.980000e+00,-5.178631e+00,2.977808e-01,9.779663e-02,-2.024333e+00,-3.073120e+01,-2.210642e+02
8.000000e+00,-5.303172e+00,2.403003e-01,-9.859497e-02,-6.418864e+00,-3.329468e+01,-2.225901e+02
8.020000e+00,-3.200345e+00,4.223218e-01,2.315585e+00,-5.259196e+00,-8.239746e-01,-2.285105e+02
8.040000e+00,-3.981121e+00,5.827881e-02,-1.608655e-01,5.544027e+00,-2.044678e+00,-2.249095e+02
8.060000e+00,-5.293592e+00,-1.189526e-01,-6.302893e-01,-1.475016e+00,-6.408691e-01,-2.222850e+02
8.080000e+00,-6.625223e+00,3.432861e-02,-1.593087e+00,-1.600138e+01,-2.236938e+01,-2.183177e+02
8.100000e+00,-7.056326e+00,1.806643e+00,5.074647e+00,3.346761e+00,-1.522827e+01,-2.045848e+02
8.120000e+00,-1.260379e+00,3.744214e-01,-2.316383e+00,-1.636759e+01,3.509521e+00,-2.133738e+02
8.140000e+00,-7.128177e+00,8.342651e-01,-1.751158e+00,-3.794352e+00,-2.227783e+00,-2.184397e+02
8.160000e+00,-3.003953e+00,1.088137e+00,2.234154e+00,7.222493e-01,5.401611e+00,-2.152049e+02
8.180000e+00,-4.100872e+00,-4.159351e-01,-1.890070e+00,-7.425944e-01,-1.815796e+01,-2.183177e+02
8.200000e+00,-1.792073e+00,4.654321e-01,-1.731998e+00,-7.700602e+00,4.275513e+01,-2.174021e+02
8.220000e+00,-7.511380e+00,1.092927e+00,1.496488e+00,-1.960246e+01,-3.976440e+01,-2.210642e+02
8.240000e+00,-6.333030e+00,1.591091e+00,5.289001e-01,1.012166e+01,-1.223755e+01,-2.177073e+02
8.260000e+00,-6.309080e+00,9.156958e-01,-6.494495e-01,-9.470622e+00,-2.261353e+01,-2.287547e+02
8.280000e+00,-6.242020e+00,-1.093726e-01,-3.237268e-01,-1.240031e+01,5.462646e+00,-2.140452e+02
8.300000e+00,-5.566624e+00,1.193518e+00,5.193201e-01,7.130941e+00,-1.156616e+01,-2.146556e+02
8.320000e+00,-7.803572e+00,2.218586e+00,1.458168e+00,1.027425e+00,-7.476807e+00,-2.195994e+02
8.340000e+00,-8.632249e+00,1.253394e-01,-1.612247e+00,-1.343791e+01,-2.578735e+01,-2.164256e+02
8.360000e+00,-5.068460e+00,3.073608e-01,-3.237268e-01,5.482992e+00,1.016235e+01,-2.084910e+02
8.380000e+00,1.810036e+00,-2.291235e-01,-5.041915e+00,-2.784220e+01,1.617432e+00,-2.344920e+02
8.400000e+00,-5.748646e+00,-6.985474e-01,-3.269601e+00,-7.090251e+00,2.828979e+01,-2.171580e+02
8.420000e+00,-4.814588e+00,3.167014e+00,4.413622e+00,2.553304e+00,-1.129150e+00,-2.128855e+02
8.440000e+00,-5.643265e+00,-8.805688e-01,-2.555885e+00,2.187093e+00,-3.146362e+01,-2.180125e+02
8.460000e+00,-1.509401e+01,-6.365164e+00,-5.827482e+00,-4.279582e+01,-9.201050e+01,-1.364085e+02
8.480000e+00,-1.290017e+01,8.222900e-02,-2.512775e+00,3.651937e+00,-7.925415e+01,-1.425120e+02
8.500000e+00,2.087858e+00,-4.209646e+00,4.035209e+00,-5.442301e+00,4.367065e+01,-7.946269e+01
8.520000e+00,-2.453099e+00,-3.883923e+00,-6.483717e+00,-8.677165e+00,6.805420e+00,-8.458964e+01
8.540000e+00,3.151247e+00,-5.023953e+00,2.229364e+00,4.994710e+00,1.040649e+01,-7.207743e+01
8.560000e+00,5.742059e-01,-4.765291e+00,2.009022e+00,-6.663005e+00,7.415771e+00,-4.479472e+01
8.580000e+00,2.844684e+00,-4.889832e+00,-4.950905e+00,-2.543132e-01,2.236938e+01,-3.765361e+01
8.600000e+00,8.328680e-01,-4.243176e+00,3.177792e+00,1.262410e+01,5.828857e+00,-2.770487e+01
8.620000e+00,7.945477e-01,-4.913782e+00,-2.662463e-01,3.529867e+00,-3.570557e+00,-2.306620e+01
8.640000e+00,2.389032e-01,-3.941404e+00,-3.285168e-01,4.750570e+00,2.960205e+00,-1.897685e+01
8.660000e+00,-2.304608e+00,-4.133005e+00,1.525228e+00,3.774007e+00,-8.697510e+00,-1.018778e+01
8.680000e+00,-1.504671e+00,-3.836023e+00,7.863647e-02,2.736410e+00,-4.669189e+00,-6.586711e+00
8.700000e+00,-1.251398e-01,-3.558201e+00,1.636597e-02,8.839925e+00,1.681519e+01,-7.074992e+00
8.720000e+00,8.807684e-01,-3.208528e+00,5.241101e-01,1.271566e+00,2.777100e+00,-6.037394e+00
8.740000e+00,-2.688409e-01,-3.903083e+00,1.552771e-01,6.001790e-01,1.983643e+00,-2.863566e+00
8.760000e+00,-2.752277e-01,-2.541116e+00,1.297302e-01,4.577637e-01,1.251221e+00,-1.907349e+00
8.780000e+00,-2.816144e-01,-1.179148e+00,1.041833e-01,3.153483e-01,5.187988e-01,-9.511312e-01
8.800000e+00,-2.880011e-01,1.828198e-01,7.863647e-02,1.729329e-01,-2.136230e-01,5.086263e-03
8.820000e+00,-1.347198e-01,-2.195435e-01,-6.506470e-02,-2.543132e-01,-9.155273e-02,6.612142e-02
8.840000e+00,-1.203497e-01,-9.021240e-02,8.821655e-02,2.950033e-01,-4.577637e-01,5.086263e-03
8.860000e+00,-2.933899e-02,-1.524829e-01,-7.584229e-03,-1.017253e-02,3.051758e-02,5.086263e-03
8.880000e+00,-8.202942e-02,-1.189526e-01,2.594604e-02,1.118978e-01,-9.155273e-02,5.086263e-03
8.900000e+00,-4.370911e-02,-1.381128e-01,2.594604e-02,1.118978e-01,9.155273e-02,5.086263e-03
8.920000e+00,-8.202942e-02,-1.381128e-01,3.552612e-02,5.086263e-02,-3.051758e-02,5.086263e-03
8.940000e+00,-8.202942e-02,-1.524829e-01,-2.195435e-02,-1.017253e-02,-9.155273e-02,5.086263e-03
8.960000e+00,-8.202942e-02,-1.429028e-01,-2.794189e-03,-1.017253e-02,-3.051758e-02,5.086263e-03
8.980000e+00,-6.765930e-02,-1.381128e-01,-2.794189e-03,-1.017253e-02,3.051758e-02,5.086263e-03
9.000000e+00,-6.765930e-02,-1.429028e-01,-7.584229e-03,-1.017253e-02,3.051758e-02,5.086263e-03
9.020000e+00,-8.202942e-02,-1.476929e-01,-2.794189e-03,5.086263e-02,-3.051758e-02,5.086263e-03
9.040000e+00,-8.202942e-02,-1.476929e-01,-1.237427e-02,-1.017253e-02,-3.051758e-02,5.086263e-03
9.060000e+00,-7.723938e-02,-1.476929e-01,1.995850e-03,-1.017253e-02,3.051758e-02,5.086263e-03
9.080000e+00,-7.723938e-02,-1.476929e-01,1.995850e-03,5.086263e-02,3.051758e-02,5.086263e-03
9.100000e+00,-7.723938e-02,-1.476929e-01,-7.584229e-03,-1.017253e-02,-3.051758e-02,5.086263e-03
9.120000e+00,-8.202942e-02,-1.476929e-01,-2.794189e-03,-1.017253e-02,-3.051758e-02,5.086263e-03
9.140000e+00,-8.659136e-02,-1.476929e-01,-2.794189e-03,-1.017253e-02,2.761114e-02,5.086263e-03
9.160000e+00,-8.202942e-02,-1.429028e-01,-2.794189e-03,-1.017253e-02,-3.051758e-02,5.086263e-03
9.180000e+00,-6.765930e-02,-1.524829e-01,-7.584229e-03,-1.017253e-02,3.051758e-02,5.086263e-03
9.200000e+00,-7.678319e-02,-1.479210e-01,-3.022287e-03,-1.017253e-02,-2.761114e-02,5.086263e-03
9.220000e+00,-7.244934e-02,-1.524829e-01,-7.584229e-03,-1.017253e-02,3.051758e-02,-5.594889e-02
9.240000e+00,-7.723938e-02,-1.429028e-01,-2.794189e-03,-1.017253e-02,-3.051758e-02,5.086263e-03
9.260000e+00,-8.636326e-02,-1.429028e-01,-2.794189e-03,-1.017253e-02,-3.051758e-02,5.086263e-03
9.280000e+00,-7.723938e-02,-1.476929e-01,1.995850e-03,-1.017253e-02,3.051758e-02,5.086263e-03
9.300000e+00,-8.202942e-02,-1.476929e-01,-2.794189e-03,-1.017253e-02,3.051758e-02,5.086263e-03
9.320000e+00,-7.746748e-02,-1.476929e-01,-7.356131e-03,4.795619e-02,3.051758e-02,5.086263e-03
9.340000e+00,-7.244934e-02,-1.524829e-01,-2.794189e-03,-1.017253e-02,-3.051758e-02,5.086263e-03
9.360000e+00,-8.202942e-02,-1.429028e-01,-7.584229e-03,5.086263e-02,-3.051758e-02,5.086263e-03
9.380000e+00,-8.202942e-02,-1.474648e-01,-7.584229e-03,-7.266090e-03,-3.051758e-02,5.086263e-03
9.400000e+00,-8.202942e-02,-1.429028e-01,-2.794189e-03,-1.017253e-02,-3.051758e-02,5.086263e-03
9.420000e+00,-7.723938e-02,-1.524829e-01,-2.794189e-03,-1.017253e-02,-3.051758e-02,5.086263e-03
9.440000e+00,-7.244934e-02,-1.476929e-01,1.995850e-03,-1.017253e-02,3.051758e-02,5.086263e-03
9.460000e+00,-7.244934e-02,-1.429028e-01,-2.794189e-03,-1.017253e-02,-3.051758e-02,5.086263e-03
9.480000e+00,-7.723938e-02,-1.476929e-01,-2.794189e-03,-1.017253e-02,3.051758e-02,5.086263e-03
9.500000e+00,-6.765930e-02,-1.476929e-01,1.995850e-03,-1.017253e-02,3.051758e-02,5.086263e-03
9.520000e+00,-7.085266e-02,-1.476929e-01,3.991699e-04,-1.017253e-02,1.017253e-02,5.086263e-03
9.540000e+00,-7.404602e-02,-1.476929e-01,-1.197510e-03,-1.017253e-02,-1.017253e-02,5.086263e-03
9.560000e+00,-7.723938e-02,-1.476929e-01,-2.794189e-03,-1.017253e-02,-3.051758e-02,5.086263e-03
9.580000e+00,-8.681946e-02,-1.429028e-01,-2.794189e-03,-1.017253e-02,-3.051758e-02,5.086263e-03
9.600000e+00,-8.202942e-02,-1.476929e-01,-7.584229e-03,-1.017253e-02,-3.051758e-02,5.086263e-03
9.620000e+00,-7.723938e-02,-1.476929e-01,-7.584229e-03,-1.017253e-02,-3.051758e-02,5.086263e-03
9.640000e+00,-7.723938e-02,-1.476929e-01,6.785889e-03,-1.017253e-02,-3.051758e-02,5.086263e-03
9.660000e+00,-7.723938e-02,-1.476929e-01,1.995850e-03,-1.017253e-02,3.051758e-02,5.086263e-03
9.680000e+00,-7.723938e-02,-1.429028e-01,-7.584229e-03,-1.017253e-02,-3.051758e-02,5.086263e-03
9.700000e+00,-7.723938e-02,-1.429028e-01,-7.584229e-03,5.086263e-02,3.051758e-02,5.086263e-03
9.720000e+00,-7.244934e-02,-1.476929e-01,-2.794189e-03,5.086263e-02,-3.051758e-02,5.086263e-03
9.740000e+00,-7.723938e-02,-1.476929e-01,-2.794189e-03,-1.017253e-02,-3.051758e-02,5.086263e-03
9.760000e+00,-7.244934e-02,-1.429028e-01,-2.794189e-03,-1.017253e-02,3.051758e-02,5.086263e-03
9.780000e+00,-8.202942e-02,-1.476929e-01,-2.794189e-03,-1.017253e-02,-3.051758e-02,5.086263e-03
9.800000e+00,-8.202942e-02,-1.476929e-01,-2.794189e-03,-1.017253e-02,3.051758e-02,5.086263e-03
9.820000e+00,-8.202942e-02,-1.476929e-01,-7.584229e-03,5.086263e-02,3.051758e-02,5.086263e-03
9.840000e+00,-7.244934e-02,-1.429028e-01,-2.794189e-03,-1.017253e-02,3.051758e-02,5.086263e-03
9.860000e+00,-7.723938e-02,-1.476929e-01,1.995850e-03,-1.017253e-02,3.051758e-02,5.086263e-03
9.880000e+00,-7.723938e-02,-1.429028e-01,-7.584229e-03,-1.017253e-02,-3.051758e-02,5.086263e-03
9.900000e+00,-8.681946e-02,-1.476929e-01,-2.794189e-03,-1.017253e-02,-3.051758e-02,5.086263e-03
9.920000e+00,-7.723938e-02,-1.476929e-01,-2.794189e-03,-1.017253e-02,3.051758e-02,5.086263e-03
9.940000e+00,-8.202942e-02,-1.476929e-01,1.995850e-03,-1.017253e-02,-3.051758e-02,5.086263e-03
9.960000e+00,-7.723938e-02,-1.429028e-01,-7.584229e-03,-1.017253e-02,-3.051758e-02,5.086263e-03
9.980000e+00,-7.244934e-02,-1.381128e-01,-2.794189e-03,-1.017253e-02,-3.051758e-02,5.086263e-03
