X,Y
-0.0017646053902409,0.0065856006810269
0.0006458922551518,0.0107607037166609
-0.0011187131350894,0.017346304397688
-0.0028833185253304,0.0239319050787149
-0.0004728208799375,0.028107008114349
-0.0022374262701787,0.034692608795376
0.0001730713752141,0.0388677118310101
-0.001591534015027,0.0454533125120371
0.0008189636303658,0.0496284155476712
-0.0009456417598753,0.0562140162286981
-0.0027102471501165,0.0627996169097251
-0.0002997495047236,0.0669747199453592
-0.0020643548949648,0.0735603206263863
0.000346142750428,0.0777354236620203
-0.0014184626398131,0.0843210243430473
0.0009920350055798,0.0884961273786814
-0.0007725703846613,0.0950817280597084
0.0016379272607314,0.0992568310953424
-0.0001266781295094,0.1058424317763693
-0.0018912835197506,0.1124280324573964
0.0005192141256421,0.1166031354930304
-0.0012453912645989,0.1231887361740574
0.0011651063807939,0.1273638392096915
-0.0005994990094472,0.1339494398907185
-0.0023641043996884,0.1405350405717454
4.639324570443471e-05,0.1447101436073796
-0.0017182121445367,0.1512957442884066
0.0006922855008561,0.1554708473240407
-0.001072319889385,0.1620564480050676
-0.0028369252796262,0.1686420486860946
-0.0004264276342333,0.1728171517217287
-0.0021910330244743,0.1794027524027557
0.0002194646209185,0.1835778554383897
-0.0015451407693226,0.1901634561194167
-0.0033097461595638,0.1967490568004437
-0.0008992485141708,0.2009241598360778
-0.0026638539044121,0.2075097605171048
-0.0002533562590191,0.2116848635527388
-0.0020179616492603,0.2182704642337659
-0.0037825670395015,0.2248560649147929
-0.0013720693941086,0.2290311679504269
-0.0031366747843498,0.2356167686314539
-0.0007261771389569,0.239791871667088
-0.0024907825291981,0.246377472348115
-0.0042553879194391,0.2529630730291419
-0.0018448902740462,0.257138176064776
-0.0036094956642874,0.263723776745803
-0.0011989980188945,0.2678988797814371
-0.0029636034091357,0.2744844804624641
-0.0047282087993769,0.2810700811434911
-0.002317711153984,0.2852451841791251
-0.0040823165442252,0.2918307848601521
-0.0016718188988323,0.2960058878957862
-0.0034364242890735,0.3025914885768132
-0.0010259266436805,0.3067665916124473
-0.0027905320339217,0.3133521922934743
-0.0045551374241629,0.3199377929745013
-0.00214463977877,0.3241128960101354
-0.003909245169011,0.3306984966911623
-0.0014987475236181,0.3348735997267963
-0.0032633529138593,0.3414592004078233
-0.0008528552684664,0.3456343034434574
-0.0026174606587076,0.3522199041244844
-0.0043820660489488,0.3588055048055114
-0.0019715684035559,0.3629806078411455
-0.0037361737937971,0.3695662085221725
-0.0013256761484042,0.3737413115578066
-0.0030902815386454,0.3803269122388335
-0.0006797838932525,0.3845020152744677
-0.0024443892834936,0.3910876159554947
-0.0042089946737347,0.3976732166365215
-0.0017984970283418,0.4018483196721556
-0.0035631024185829,0.4084339203531826
-0.00115260477319,0.4126090233888167
-0.0029172101634312,0.4191946240698437
-0.0046818155536725,0.4257802247508707
-0.0022713179082795,0.4299553277865048
-0.0040359232985207,0.4365409284675318
-0.0016254256531278,0.4407160315031659
0.000785071992265,0.4448911345387999
-0.0027441387882173,0.4580623359008539
-0.0045087441784585,0.4646479365818808
-0.0020982465330656,0.468823039617515
-0.0038628519233066,0.4754086402985419
-0.0014523542779137,0.4795837433341759
-0.0032169596681549,0.4861693440152029
-0.0049815650583961,0.4927549446962299
-0.0025710674130031,0.4969300477318641
-0.0043356728032444,0.5035156484128911
-0.0019251751578515,0.507690751448525
-0.0036897805480926,0.5142763521295521
-0.0012792829026997,0.5184514551651862
-0.0030438882929409,0.5250370558462132
-0.000633390647548,0.5292121588818472
-0.0023979960377892,0.5357977595628742
-0.0041626014280304,0.5423833602439013
-0.0059272068182714,0.5489689609249282
-0.0035167091728785,0.5531440639605623
-0.0052813145631197,0.5597296646415892
-0.0028708169177268,0.5639047676772233
-0.004635422307968,0.5704903683582503
-0.0022249246625751,0.5746654713938844
-0.0039895300528163,0.5812510720749113
-0.0057541354430574,0.5878366727559384
-0.0033436377976646,0.5920117757915725
-0.0051082431879058,0.5985973764725995
-0.0026977455425128,0.6027724795082335
-0.0044623509327541,0.6093580801892606
-0.0020518532873611,0.6135331832248947
-0.0038164586776023,0.6201187839059217
-0.0055810640678433,0.6267043845869485
-0.0031705664224504,0.6308794876225826
-0.0049351718126916,0.6374650883036096
-0.0025246741672987,0.6416401913392437
-0.0042892795575399,0.6482257920202708
-0.001878781912147,0.6524008950559048
-0.0036433873023882,0.6589864957369318
-0.0012328896569953,0.6631615987725659
-0.0029974950472365,0.6697471994535928
-0.0047621004374777,0.6763328001346197
-0.0023516027920848,0.6805079031702539
-0.0041162081823259,0.6870935038512809
-0.001705710536933,0.6912686068869149
-0.003470315927174,0.6978542075679419
-0.0052349213174152,0.7044398082489689
-0.0028244236720224,0.708614911284603
-0.0045890290622635,0.71520051196563
-0.0021785314168706,0.7193756150012639
-0.0039431368071118,0.725961215682291
-0.005707742197353,0.732546816363318
-0.0032972445519601,0.736721919398952
-0.0050618499422013,0.7433075200799791
-0.0026513522968084,0.7474826231156132
-0.0044159576870496,0.7540682237966403
-0.0020054600416566,0.7582433268322744
-0.0037700654318979,0.7648289275133011
-0.0055346708221389,0.7714145281943281
-0.003124173176746,0.7755896312299622
-0.0048887785669872,0.7821752319109891
-0.0024782809215943,0.7863503349466234
-0.0042428863118354,0.7929359356276504
-0.0060074917020767,0.7995215363086774
-0.0035969940566837,0.8036966393443115
-0.005361599446925,0.8102822400253383
-0.002951101801532,0.8144573430609725
-0.0047157071917732,0.8210429437419995
-0.0064803125820144,0.8276285444230265
-0.0040698149366215,0.8318036474586606
-0.0058344203268627,0.8383892481396875
-0.0034239226814698,0.8425643511753217
-0.0051885280717108,0.8491499518563485
-0.0027780304263179,0.8533250548919825
-0.0045426358165591,0.8599106555730096
-0.0063072412068003,0.8664962562540366
-0.0038967435614074,0.8706713592896707
-0.0056613489516486,0.8772569599706977
-0.0074259543418898,0.8838425606517246
-0.0091905597321309,0.8904281613327517
-0.006780062086738,0.8946032643683858
-0.0085446674769792,0.9011888650494126
-0.0103092728672204,0.9077744657304396
-0.0120738782574614,0.9143600664114666
-0.0096633806120685,0.9185351694471008
-0.0114279860023098,0.9251207701281275
-0.0156030890379438,0.9275312677735206
-0.017367694428185,0.9341168684545476
-0.0191322998184262,0.9407024691355746
-0.0208969052086674,0.9472880698166016
-0.0226615105989086,0.9538736704976284
-0.0268366136345425,0.9562841681430214
-0.0286012190247837,0.9628697688240484
-0.0303658244150249,0.9694553695050754
-0.034540927450659,0.9718658671504684
-0.0363055328409002,0.9784514678314952
-0.0404806358765343,0.9808619654768882
-0.0422452412667755,0.9874475661579152
-0.0440098466570167,0.9940331668389424
-0.0481849496926506,0.9964436644843352
-0.0523600527282847,0.998854162129728
-0.0541246581185259,1.005439762810755
-0.05829976115416,1.007850260456148
-0.0624748641897941,1.0102607581015408
-0.0642394695800354,1.0168463587825678
-0.0684145726156694,1.0192568564279607
-0.0725896756513035,1.0216673540733536
-0.0743542810415445,1.0282529547543806
-0.0785293840771786,1.0306634523997733
-0.0827044871128128,1.0330739500451664
-0.0868795901484468,1.0354844476905594
-0.088644195538688,1.0420700483715863
-0.0928192985743222,1.0444805460169793
-0.0969944016099562,1.0468910436623722
-0.1011695046455904,1.049301541307765
-0.1053446076812242,1.051712038953158
-0.1095197107168583,1.054122536598551
-0.1136948137524925,1.0565330342439438
-0.1154594191427336,1.0631186349249708
-0.1345703289306628,1.0685855224709084
-0.1387454319662969,1.0709960201163011
-0.1429205350019309,1.0734065177616945
-0.1470956380375651,1.075817015407087
-0.1512707410731992,1.07822751305248
-0.1554458441088332,1.0806380106978728
-0.1596209471444674,1.083048508343266
-0.1637960501801015,1.0854590059886586
-0.1703816508611284,1.0836944005984177
-0.1745567538967624,1.0861048982438102
-0.1787318569323965,1.088515395889203
-0.1829069599680307,1.0909258935345962
-0.1870820630036647,1.0933363911799892
-0.1936676636846917,1.091571785789748
-0.1978427667203259,1.093982283435141
-0.2020178697559599,1.0963927810805338
-0.2086034704369868,1.0946281756902927
-0.2127785734726208,1.0970386733356856
-0.2169536765082549,1.0994491709810783
-0.223539277189282,1.0976845655908372
-0.227714380224916,1.10009506323623
-0.234299980905943,1.098330457845989
-0.2384750839415772,1.1007409554913818
-0.2450606846226041,1.098976350101141
-0.251646285303631,1.0972117447108996
-0.2558213883392651,1.0996222423562925
-0.2624069890202921,1.097857636966051
-0.2689925897013192,1.0960930315758102
-0.2755781903823462,1.094328426185569
-0.2821637910633731,1.092563820795328
-0.2863388940990073,1.0949743184407208
-0.2929244947800341,1.0932097130504794
-0.2995100954610611,1.0914451076602385
-0.3060956961420881,1.0896805022699971
-0.3126812968231151,1.087915896879756
-0.3192668975041421,1.0861512914895148
-0.3258524981851691,1.0843866860992737
-0.3324380988661961,1.0826220807090323
-0.334848596511589,1.0784469776733985
-0.3414341971926161,1.076682372283157
-0.3480197978736428,1.0749177668929162
-0.3546053985546699,1.0731531615026748
-0.3570158962000628,1.0689780584670407
-0.3636014968810898,1.0672134530767996
-0.3701870975621168,1.0654488476865585
-0.3725975952075097,1.0612737446509244
-0.3750080928529026,1.0570986416152903
-0.3815936935339297,1.0553340362250492
-0.3881792942149566,1.053569430834808
-0.3905897918603495,1.049394327799174
-0.3930002895057424,1.04521922476354
-0.3995858901867694,1.0434546193732988
-0.4019963878321624,1.0392795163376645
-0.4044068854775552,1.0351044133020306
-0.4109924861585823,1.0333398079117897
-0.4134029838039752,1.0291647048761554
-0.4158134814493681,1.0249896018405211
-0.418223979094761,1.0208144988048873
-0.4248095797757878,1.019049893414646
-0.4272200774211807,1.0148747903790118
-0.4296305750665736,1.0106996873433776
-0.4320410727119665,1.0065245843077435
-0.4344515703573594,1.0023494812721097
-0.4368620680027523,0.9981743782364756
-0.4392725656481452,0.9939992752008416
-0.4458581663291723,0.9922346698106004
-0.4482686639745653,0.9880595667749662
-0.4506791616199582,0.983884463739332
-0.4530896592653511,0.979709360703698
-0.4555001569107439,0.975534257668064
-0.4537355515205027,0.968948656987037
-0.4561460491658956,0.964773553951403
-0.4585565468112885,0.9605984509157688
-0.4609670444566814,0.9564233478801348
-0.4633775421020743,0.9522482448445008
-0.4657880397474673,0.9480731418088666
-0.4640234343572263,0.9414875411278396
-0.4664339320026192,0.9373124380922055
-0.4688444296480121,0.9331373350565716
-0.471254927293405,0.9289622320209376
-0.4736654249387979,0.9247871289853036
-0.4719008195485566,0.9182015283042764
-0.4743113171939496,0.9140264252686424
-0.4767218148393425,0.9098513222330082
-0.4749572094491013,0.9032657215519811
-0.4773677070944942,0.8990906185163472
-0.4797782047398871,0.8949155154807131
-0.478013599349646,0.8883299147996861
-0.4804240969950389,0.8841548117640521
-0.4828345946404318,0.8799797087284179
-0.4810699892501905,0.8733941080473908
-0.4834804868955835,0.8692190050117568
-0.4817158815053423,0.8626334043307299
-0.4799512761151011,0.8560478036497028
-0.4781866707248599,0.8494622029686758
-0.4805971683702528,0.8452870999330417
-0.4830076660156457,0.8411119968974077
-0.4812430606254048,0.8345263962163808
-0.4836535582707977,0.8303512931807466
-0.4818889528805563,0.8237656924997198
-0.4801243474903152,0.8171800918186928
-0.4825348451357081,0.8130049887830586
-0.480770239745467,0.8064193881020316
-0.4790056343552257,0.7998337874210046
-0.4814161320006186,0.7956586843853706
-0.4796515266103774,0.7890730837043436
-0.4820620242557704,0.7848979806687094
-0.4802974188655292,0.7783123799876825
-0.4827079165109221,0.7741372769520485
-0.4809433111206809,0.7675516762710214
-0.4791787057304399,0.7609660755899945
-0.4815892033758328,0.7567909725543605
-0.4798245979855915,0.7502053718733335
-0.4822350956309845,0.7460302688376994
-0.4804704902407433,0.7394446681566723
-0.4787058848505021,0.7328590674756454
-0.481116382495895,0.7286839644400114
-0.4793517771056538,0.7220983637589843
-0.4817622747510466,0.7179232607233503
-0.4799976693608055,0.7113376600423232
-0.4824081670061985,0.7071625570066892
-0.4806435616159573,0.7005769563256621
-0.4788789562257162,0.6939913556446353
-0.4812894538711091,0.6898162526090013
-0.4795248484808679,0.6832306519279742
-0.4819353461262609,0.67905554889234
-0.4801707407360196,0.6724699482113131
-0.4784061353457784,0.665884347530286
-0.4808166329911714,0.661709244494652
-0.4790520276009302,0.655123643813625
-0.4814625252463231,0.6509485407779909
-0.4796979198560819,0.6443629400969639
-0.4821084175014748,0.6401878370613299
-0.4803438121112336,0.6336022363803029
-0.4785792067209924,0.6270166356992759
-0.4809897043663853,0.6228415326636418
-0.4792250989761443,0.6162559319826149
-0.4816355966215372,0.6120808289469808
-0.479870991231296,0.6054952282659538
-0.4781063858410548,0.5989096275849268
-0.4805168834864477,0.5947345245492928
-0.4787522780962066,0.5881489238682658
-0.4811627757415995,0.5839738208326317
-0.4793981703513583,0.5773882201516047
-0.4776335649611171,0.5708026194705776
-0.48004406260651,0.5666275164349435
-0.4782794572162688,0.5600419157539166
-0.4806899548616617,0.5558668127182825
-0.4789253494714205,0.5492812120372554
-0.4813358471168134,0.5451061090016215
-0.4795712417265724,0.5385205083205946
-0.4819817393719653,0.5343454052849604
-0.4802171339817241,0.5277598046039335
-0.4784525285914828,0.5211742039229066
-0.4808630262368757,0.5169991008872724
-0.4790984208466347,0.5104135002062454
-0.4773338154563935,0.5038278995252183
-0.4797443131017863,0.4996527964895844
-0.4821548107471793,0.4954776934539502
-0.480390205356938,0.4888920927729232
-0.4828007030023309,0.4847169897372891
-0.4810360976120897,0.4781313890562622
-0.4834465952574827,0.4739562860206281
-0.4858570929028756,0.469781182984994
-0.4840924875126344,0.463195582303967
-0.4865029851580273,0.459020479268333
-0.4847383797677863,0.452434878587306
-0.4871488774131792,0.4482597755516719
-0.4895593750585721,0.4440846725160378
-0.4919698727039649,0.4399095694804038
-0.4902052673137239,0.4333239687993768
-0.4926157649591168,0.4291488657637426
-0.4950262626045097,0.4249737627281086
-0.4974367602499026,0.4207986596924746
-0.4956721548596613,0.4142130590114475
-0.4980826525050542,0.4100379559758135
-0.5004931501504472,0.4058628529401794
-0.5029036477958401,0.4016877499045453
-0.505314145441233,0.3975126468689112
-0.5077246430866259,0.3933375438332771
-0.5101351407320187,0.3891624407976431
-0.5083705353417776,0.3825768401166161
-0.5107810329871705,0.378401737080982
-0.5131915306325634,0.3742266340453479
-0.5156020282779563,0.3700515310097139
-0.5180125259233492,0.3658764279740798
-0.5204230235687421,0.3617013249384457
-0.5228335212141351,0.3575262219028116
-0.525244018859528,0.3533511188671776
-0.5276545165049209,0.3491760158315435
-0.5300650141503138,0.3450009127959094
-0.5324755117957067,0.3408258097602753
-0.5348860094410995,0.3366507067246413
-0.5414716101221265,0.3348861013344001
-0.5438821077675194,0.330710998298766
-0.5462926054129124,0.3265358952631319
-0.5487031030583053,0.3223607922274979
-0.5511136007036982,0.3181856891918638
-0.5535240983490911,0.3140105861562297
-0.555934595994484,0.3098354831205956
-0.5583450936398769,0.3056603800849615
-0.5607555912852699,0.3014852770493273
-0.5673411919662968,0.2997206716590864
-0.5697516896116898,0.2955455686234522
-0.5721621872570827,0.2913704655878182
-0.5787477879381097,0.289605860197577
-0.5811582855835026,0.2854307571619429
-0.5835687832288955,0.2812556541263088
-0.5859792808742884,0.2770805510906747
-0.5925648815553153,0.2753159457004334
-0.5949753792007082,0.2711408426647995
-0.6015609798817352,0.2693762372745583
-0.6039714775271281,0.2652011342389243
-0.6105570782081551,0.263436528848683
-0.612967575853548,0.2592614258130489
-0.6153780734989409,0.2550863227774149
-0.621963674179968,0.2533217173871737
-0.6243741718253608,0.2491466143515397
-0.6309597725063878,0.2473820089612985
-0.6333702701517807,0.2432069059256645
-0.6357807677971736,0.2390318028900304
-0.6423663684782006,0.2372671974997892
-0.6489519691592277,0.235502592109548
-0.6555375698402547,0.2337379867193068
-0.6579480674856476,0.2295628836836727
-0.6645336681666744,0.2277982782934316
-0.6669441658120673,0.2236231752577975
-0.6735297664930943,0.2218585698675563
-0.6801153671741212,0.2200939644773151
-0.6867009678551483,0.218329359087074
-0.6891114655005413,0.2141542560514399
-0.6956970661815682,0.2123896506611987
-0.7022826668625952,0.2106250452709575
-0.7088682675436222,0.2088604398807165
-0.7154538682246493,0.2070958344904753
-0.7220394689056762,0.205331229100234
-0.7286250695867031,0.2035666237099929
-0.7352106702677301,0.2018020183197517
-0.7417962709487572,0.2000374129295105
-0.7483818716297842,0.1982728075392693
-0.7549674723108112,0.1965082021490281
-0.7615530729918382,0.1947435967587871
-0.7681386736728651,0.192978991368546
-0.7723137767084991,0.1953894890139388
-0.7788993773895261,0.1936248836236976
-0.7854849780705531,0.1918602782334564
-0.7896600811061872,0.1942707758788494
-0.7962456817872142,0.1925061704886081
-0.8028312824682412,0.190741565098367
-0.8070063855038754,0.1931520627437599
-0.8135919861849021,0.1913874573535186
-0.8177670892205363,0.1937979549989115
-0.8243526899015632,0.1920333496086705
-0.8309382905825902,0.1902687442184293
-0.8351133936182243,0.1926792418638223
-0.8416989942992513,0.1909146364735811
-0.8458740973348854,0.193325134118974
-0.8524596980159125,0.1915605287287329
-0.8566348010515463,0.1939710263741257
-0.8608099040871805,0.1963815240195186
-0.8673955047682075,0.1946169186292774
-0.8715706078038415,0.1970274162746703
-0.8781562084848686,0.1952628108844291
-0.8823313115205027,0.197673308529822
-0.8865064145561368,0.2000838061752149
-0.893092015237164,0.1983192007849738
-0.8972671182727978,0.2007296984303666
-0.901442221308432,0.2031401960757596
-0.905617324344066,0.2055506937211525
-0.9122029250250928,0.2037860883309113
-0.9163780280607272,0.2061965859763042
-0.9205531310963612,0.2086070836216971
-0.9247282341319952,0.21101758126709
-0.9313138348130224,0.209252975876849
-0.9354889378486562,0.2116634735222418
-0.9396640408842902,0.2140739711676348
-0.9438391439199244,0.2164844688130277
-0.9480142469555584,0.2188949664584207
-0.9521893499911926,0.2213054641038136
-0.9563644530268268,0.2237159617492065
-0.9629500537078536,0.2219513563589653
-0.9671251567434876,0.2243618540043581
-0.9713002597791216,0.226772351649751
-0.975475362814756,0.229182849295144
-0.97965046585039,0.2315933469405369
-0.983825568886024,0.2340038445859298
-0.988000671921658,0.2364143422313227
-0.992175774957292,0.2388248398767156
-0.9963508779929262,0.2412353375221085
-1.0005259810285605,0.2436458351675014
-1.0047010840641943,0.2460563328128943
-1.0088761870998284,0.2484668304582872
-1.0130512901354625,0.2508773281036802
-1.0172263931710963,0.2532878257490731
-1.0214014962067308,0.255698323394466
-1.0255765992423649,0.2581088210398589
-1.0297517022779987,0.2605193186852517
-1.033926805313633,0.2629298163306447
-1.0381019083492669,0.2653403139760376
-1.0422770113849011,0.2677508116214305
-1.0464521144205352,0.2701613092668234
-1.0506272174561693,0.2725718069122163
-1.0548023204918031,0.2749823045576092
-1.0589774235274372,0.277392802203002
-1.0631525265630717,0.2798032998483951
-1.0673276295987055,0.2822137974937879
-1.0715027326343398,0.284624295139181
-1.0756778356699737,0.2870347927845738
-1.0798529387056075,0.2894452904299667
-1.0840280417412418,0.2918557880753596
-1.088203144776876,0.2942662857207526
-1.09237824781251,0.2966767833661455
-1.096553350848144,0.2990872810115383
-1.1007284538837785,0.3014977786569313
-1.104903556919412,0.3039082763023241
-1.1090786599550464,0.306318773947717
-1.1132537629906805,0.30872927159311
-1.1174288660263143,0.3111397692385029
-1.1216039690619486,0.3135502668838958
-1.1257790720975824,0.3159607645292886
-1.1299541751332167,0.3183712621746816
-1.1341292781688508,0.3207817598200744
-1.1383043812044848,0.3231922574654673
-1.142479484240119,0.3256027551108603
-1.146654587275753,0.3280132527562532
-1.150829690311387,0.3304237504016461
-1.1550047933470209,0.3328342480470389
-1.1591798963826552,0.3352447456924319
-1.1633549994182892,0.3376552433378247
-1.1675301024539235,0.3400657409832178
-1.1717052054895574,0.3424762386286107
-1.1758803085251914,0.3448867362740036
-1.1800554115608255,0.3472972339193965
-1.1842305145964598,0.3497077315647894
-1.1884056176320938,0.3521182292101824
-1.1925807206677277,0.3545287268555752
-1.196755823703362,0.3569392245009682
-1.2009309267389958,0.359349722146361
-1.20510602977463,0.3617602197917539
-1.2092811328102642,0.3641707174371468
-1.2134562358458982,0.3665812150825397
-1.2176313388815323,0.3689917127279327
-1.221806441917166,0.3714022103733255
-1.2259815449528004,0.3738127080187185
-1.2301566479884345,0.3762232056641113
-1.2343317510240686,0.3786337033095042
-1.2385068540597026,0.3810442009548971
-1.242681957095337,0.3834546986002901
-1.2468570601309708,0.385865196245683
-1.2510321631666048,0.3882756938910758
-1.255207266202239,0.3906861915364688
-1.259382369237873,0.3930966891818616
-1.2635574722735072,0.3955071868272546
-1.267732575309141,0.3979176844726476
-1.2719076783447754,0.4003281821180405
-1.2760827813804094,0.4027386797634334
-1.2802578844160435,0.4051491774088263
-1.2844329874516776,0.4075596750542192
-1.2886080904873114,0.409970172699612
-1.2927831935229457,0.4123806703450051
-1.2969582965585795,0.4147911679903979
-1.3011333995942138,0.4172016656357908
-1.305308502629848,0.4196121632811837
-1.309483605665482,0.4220226609265766
-1.313658708701116,0.4244331585719695
-1.31783381173675,0.4268436562173623
-1.3220089147723844,0.4292541538627554
-1.3261840178080182,0.4316646515081482
-1.3303591208436525,0.4340751491535412
-1.3345342238792863,0.436485646798934
-1.3387093269149206,0.4388961444443269
-1.342884429950555,0.4413066420897198
-1.3470595329861887,0.4437171397351128
-1.3512346360218228,0.4461276373805057
-1.3554097390574569,0.4485381350258985
-1.359584842093091,0.4509486326712915
-1.363759945128725,0.4533591303166844
-1.367935048164359,0.4557696279620774
-1.3721101511999931,0.4581801256074703
-1.3762852542356272,0.4605906232528632
-1.3804603572712613,0.4630011208982561
-1.384635460306895,0.4654116185436489
-1.3888105633425296,0.4678221161890419
-1.3929856663781637,0.4702326138344347
-1.3971607694137975,0.4726431114798277
-1.4013358724494316,0.4750536091252206
-1.405510975485066,0.4774641067706135
-1.4096860785207,0.4798746044160064
-1.4138611815563338,0.4822851020613992
-1.418036284591968,0.4846955997067922
-1.422211387627602,0.4871060973521851
-1.4263864906632362,0.4895165949975781
-1.4305615936988705,0.4919270926429709
-1.4347366967345043,0.4943375902883638
-1.4389117997701384,0.4967480879337567
-1.4430869028057725,0.4991585855791496
-1.4472620058414063,0.5015690832245425
-1.4514371088770406,0.5039795808699354
-1.4556122119126749,0.5063900785153284
-1.4597873149483087,0.5088005761607213
-1.4639624179839428,0.5112110738061142
-1.4681375210195768,0.5136215714515071
-1.4723126240552111,0.5160320690969
-1.4764877270908452,0.5184425667422929
-1.4806628301264793,0.5208530643876859
-1.484837933162113,0.5232635620330788
-1.4890130361977472,0.5256740596784717
-1.4931881392333817,0.5280845573238646
-1.4973632422690155,0.5304950549692575
-1.5015383453046496,0.5329055526146504
-1.5057134483402836,0.5353160502600434
-1.5098885513759177,0.5377265479054363
-1.5140636544115518,0.5401370455508292
-1.5182387574471858,0.5425475431962219
-1.52241386048282,0.5449580408416148
-1.526588963518454,0.5473685384870077
-1.530764066554088,0.5497790361324006
-1.534939169589722,0.5521895337777936
-1.5391142726253564,0.5546000314231865
-1.5432893756609904,0.5570105290685794
-1.5474644786966243,0.5594210267139723
-1.5516395817322586,0.5618315243593652
-1.5558146847678924,0.5642420220047581
-1.5599897878035267,0.5666525196501511
-1.5641648908391608,0.569063017295544
-1.5683399938747948,0.5714735149409369
-1.572515096910429,0.5738840125863298
-1.576690199946063,0.5762945102317227
-1.580865302981697,0.5787050078771157
-1.585040406017331,0.5811155055225086
-1.5892155090529652,0.5835260031679015
-1.5933906120885992,0.5859365008132944
-1.5975657151242333,0.5883469984586873
-1.6017408181598674,0.5907574961040802
-1.6035054235501087,0.5973430967851072
-1.6076805265857428,0.5997535944305001
-1.6118556296213766,0.6021640920758929
-1.616030732657011,0.604574589721286
-1.6202058356926448,0.6069850873666788
-1.6219704410828863,0.6135706880477056
-1.6261455441185204,0.6159811856930986
-1.6303206471541545,0.6183916833384915
-1.6344957501897883,0.6208021809838844
-1.6362603555800297,0.6273877816649113
-1.6404354586156638,0.6297982793103043
-1.6446105616512978,0.6322087769556971
-1.646375167041539,0.6387943776367242
-1.650550270077173,0.6412048752821171
-1.654725373112807,0.64361537292751
-1.6564899785030482,0.650200973608537
-1.6606650815386823,0.6526114712539299
-1.6624296869289237,0.659197071934957
-1.6666047899645575,0.6616075695803498
-1.668369395354799,0.6681931702613768
-1.6725444983904327,0.6706036679067697
-1.674309103780674,0.6771892685877967
-1.6784842068163082,0.6795997662331896
-1.680248812206549,0.6861853669142167
-1.6844239152421834,0.6885958645596096
-1.6861885206324243,0.6951814652406363
-1.6879531260226657,0.7017670659216634
-1.6921282290582995,0.7041775635670563
-1.6938928344485409,0.7107631642480833
-1.695657439838782,0.7173487649291104
-1.6974220452290232,0.7239343656101374
-1.6991866506192643,0.7305199662911643
-1.7033617536548986,0.7329304639365573
-1.7051263590451398,0.7395160646175842
-1.706890964435381,0.746101665298611
-1.7086555698256218,0.752687265979638
-1.712830672861256,0.755097763625031
-1.7145952782514973,0.7616833643060581
-1.7163598836417384,0.7682689649870851
-1.7181244890319796,0.7748545656681121
-1.7198890944222207,0.7814401663491392
-1.7174785967768278,0.7856152693847732
-1.7192432021670687,0.7922008700658001
-1.7210078075573103,0.798786470746827
-1.7227724129475517,0.8053720714278539
-1.7245370183377926,0.811957672108881
-1.7221265206923997,0.8161327751445151
-1.7238911260826408,0.8227183758255421
-1.725655731472882,0.8293039765065692
-1.723245233827489,0.8334790795422032
-1.7250098392177302,0.8400646802232302
-1.7267744446079716,0.8466502809042571
-1.7243639469625789,0.8508253839398912
-1.7261285523528196,0.8574109846209181
-1.7278931577430607,0.8639965853019451
-1.7254826600976678,0.8681716883375792
-1.727247265487909,0.8747572890186063
-1.724836767842516,0.8789323920542403
-1.7266013732327572,0.8855179927352673
-1.7241908755873645,0.8896930957709013
-1.7217803779419714,0.8938681988065353
-1.7235449833322127,0.9004537994875624
-1.7211344856868198,0.9046289025231964
-1.722899091077061,0.9112145032042236
-1.720488593431668,0.9153896062398575
-1.7222531988219092,0.9219752069208846
-1.7198427011765165,0.9261503099565186
-1.7174322035311236,0.9303254129921528
-1.7191968089213647,0.9369110136731796
-1.7167863112759718,0.9410861167088138
-1.714375813630579,0.945261219744448
-1.711965315985186,0.949436322780082
-1.713729921375427,0.9560219234611088
-1.711319423730034,0.960197026496743
-1.708908926084641,0.9643721295323768
-1.706498428439248,0.968547232568011
-1.7040879307938552,0.9727223356036452
-1.7058525361840966,0.9793079362846722
-1.7034420385387037,0.9834830393203062
-1.7010315408933108,0.9876581423559404
-1.698621043247918,0.9918332453915744
-1.696210545602525,0.9960083484272084
-1.693800047957132,1.0001834514628425
-1.691389550311739,1.0043585544984766
-1.6889790526663462,1.0085336575341106
-1.6865685550209533,1.012708760569745
-1.6841580573755603,1.0168838636053787
-1.6817475597301674,1.021058966641013
-1.6793370620847747,1.0252340696766469
-1.6769265644393818,1.0294091727122812
-1.674516066793989,1.0335842757479152
-1.6721055691485958,1.0377593787835493
-1.669695071503203,1.0419344818191834
-1.66728457385781,1.0461095848548174
-1.6648740762124172,1.0502846878904517
-1.6624635785670243,1.0544597909260855
-1.6600530809216314,1.0586348939617196
-1.6576425832762385,1.0628099969973537
-1.6510569825952113,1.0645746023875948
-1.6486464849498184,1.068749705423229
-1.6462359873044254,1.072924808458863
-1.6438254896590323,1.077099911494497
-1.6414149920136396,1.081275014530131
-1.6390044943682467,1.0854501175657651
-1.63241889368722,1.0872147229560063
-1.630008396041827,1.0913898259916406
-1.627597898396434,1.0955649290272746
-1.6210122977154071,1.0973295344175158
-1.6186018000700142,1.10150463745315
-1.6161913024246213,1.105679740488784
-1.6137808047792284,1.1098548435244182
-1.6071952040982016,1.1116194489146591
-1.604784706452809,1.1157945519502932
-1.5981991057717817,1.1175591573405343
-1.5957886081263886,1.1217342603761686
-1.593378110480996,1.1259093634118025
-1.5867925097999689,1.1276739688020438
-1.5843820121545755,1.131849071837678
-1.5777964114735488,1.133613677227919
-1.5753859138281558,1.1377887802635531
-1.5688003131471289,1.1395533856537945
-1.566389815501736,1.1437284886894283
-1.559804214820709,1.1454930940796697
-1.5532186141396822,1.1472576994699106
-1.5508081164942893,1.151432802505545
-1.544222515813262,1.153197407895786
-1.537636915132235,1.1549620132860272
-1.531051314451208,1.1567266186762684
-1.5286408168058152,1.1609017217119024
-1.5220552161247882,1.1626663271021436
-1.5154696154437612,1.1644309324923847
-1.5130591177983683,1.1686060355280188
-1.5064735171173411,1.17037064091826
-1.499887916436314,1.172135246308501
-1.4933023157552876,1.1738998516987422
-1.4867167150742606,1.1756644570889836
-1.4801311143932336,1.1774290624792247
-1.4735455137122069,1.179193667869466
-1.4669599130311797,1.180958273259707
-1.4603743123501525,1.182722878649948
-1.4537887116691257,1.184487484040189
-1.4472031109880987,1.1862520894304305
-1.4430280079524649,1.1838415917850376
-1.4364424072714377,1.1856061971752787
-1.4298568065904105,1.18737080256552
-1.4232712059093835,1.189135407955761
-1.4190961028737494,1.186724910310368
-1.4125105021927225,1.1884895157006097
-1.4059249015116957,1.1902541210908504
-1.4017497984760612,1.1878436234454577
-1.3951641977950344,1.1896082288356988
-1.3909890947594004,1.187197731190306
-1.3844034940783734,1.188962336580547
-1.3778178933973464,1.1907269419707882
-1.373642790361712,1.1883164443253953
-1.3670571896806851,1.1900810497156364
-1.362882086645051,1.1876705520702435
-1.3562964859640243,1.189435157460485
-1.3521213829283902,1.187024659815092
-1.347946279892756,1.184614162169699
-1.341360679211729,1.1863787675599402
-1.337185576176095,1.1839682699145473
-1.330599975495068,1.1857328753047884
-1.326424872459434,1.1833223776593953
-1.3222497694237998,1.1809118800140026
-1.3156641687427726,1.1826764854042435
-1.3114890657071387,1.1802659877588508
-1.307313962671505,1.177855490113458
-1.3007283619904777,1.179620095503699
-1.2965532589548436,1.177209597858306
-1.2923781559192091,1.1747991002129132
-1.2882030528835755,1.1723886025675203
-1.2816174522025483,1.1741532079577617
-1.2774423491669145,1.1717427103123683
-1.2732672461312804,1.1693322126669758
-1.269092143095646,1.1669217150215827
-1.264917040060012,1.16451121737619
-1.260741937024378,1.1621007197307969
-1.254156336343351,1.1638653251210382
-1.249981233307717,1.161454827475645
-1.2458061302720829,1.1590443298302524
-1.2416310272364488,1.1566338321848595
-1.2374559242008147,1.1542233345394666
-1.2356913188105736,1.1476377338584396
-1.2315162157749395,1.145227236213047
-1.2273411127393057,1.1428167385676538
-1.2231660097036712,1.1404062409222608
-1.218990906668037,1.137995743276868
-1.214815803632403,1.135585245631475
-1.2106407005967692,1.133174747986082
-1.2064655975611351,1.1307642503406892
-1.2022904945255009,1.1283537526952965
-1.1981153914898668,1.1259432550499031
-1.1939402884542327,1.1235327574045104
-1.1897651854185989,1.1211222597591175
-1.1855900823829646,1.1187117621137246
-1.1814149793473303,1.1163012644683317
-1.1772398763116965,1.113890766822939
-1.1730647732760624,1.1114802691775458
-1.1688896702404283,1.1090697715321531
-1.1647145672047945,1.10665927388676
-1.1605394641691602,1.1042487762413673
-1.156364361133526,1.1018382785959742
-1.152189258097892,1.0994277809505817
-1.148014155062258,1.0970172833051886
-1.141428554381231,1.0987818886954297
-1.137253451345597,1.0963713910500368
-1.133078348309963,1.093960893404644
-1.1289032452743286,1.091550395759251
-1.1247281422386946,1.089139898113858
-1.1205530392030607,1.0867294004684651
-1.1163779361674264,1.0843189028230722
-1.1122028331317924,1.0819084051776793
-1.1080277300961583,1.0794979075322864
-1.1038526270605242,1.0770874098868934
-1.0996775240248902,1.0746769122415003
-1.095502420989256,1.0722664145961076
-1.091327317953622,1.069855916950715
-1.0871522149179875,1.0674454193053218
-1.082977111882354,1.065034921659929
-1.0788020088467196,1.062624424014536
-1.0746269058110858,1.0602139263691432
-1.0704518027754517,1.0578034287237503
-1.0662766997398174,1.0553929310783574
-1.0621015967041834,1.0529824334329645
-1.0579264936685493,1.0505719357875716
-1.0537513906329157,1.0481614381421789
-1.0495762875972812,1.0457509404967855
-1.045401184561647,1.0433404428513928
-1.041226081526013,1.040929945206
-1.037050978490379,1.038519447560607
-1.032875875454745,1.036108949915214
-1.0287007724191108,1.0336984522698212
-1.0245256693834768,1.0312879546244282
-1.0203505663478425,1.028877456979035
-1.0161754633122086,1.0264669593336424
-1.0120003602765746,1.0240564616882497
-1.0078252572409403,1.0216459640428566
-1.0036501542053065,1.0192354663974637
-0.9994750511696722,1.0168249687520707
-0.9952999481340384,1.014414471106678
-0.991124845098404,1.012003973461285
-0.9869497420627702,1.0095934758158922
-0.982774639027136,1.007182978170499
-0.9785995359915018,1.0047724805251064
-0.9744244329558678,1.0023619828797137
-0.9702493299202336,0.9999514852343204
-0.9660742268845997,0.9975409875889276
-0.9618991238489656,0.9951304899435348
-0.9577240208133316,0.9927199922981418
-0.9535489177776972,0.9903094946527488
-0.9493738147420634,0.987898997007356
-0.9451987117064292,0.985488499361963
-0.9410236086707952,0.98307800171657
-0.9368485056351612,0.9806675040711772
-0.9326734025995268,0.9782570064257844
-0.9284982995638932,0.9758465087803914
-0.9243231965282588,0.9734360111349984
-0.9201480934926248,0.9710255134896056
-0.9159729904569908,0.9686150158442126
-0.9117978874213566,0.9662045181988196
-0.9076227843857224,0.9637940205534268
-0.9034476813500883,0.961383522908034
-0.8992725783144544,0.9589730252626408
-0.8950974752788203,0.956562527617248
-0.8909223722431863,0.9541520299718552
-0.886747269207552,0.9517415323264622
-0.8825721661719181,0.9493310346810696
-0.8783970631362841,0.9469205370356766
-0.87422196010065,0.9445100393902836
-0.8700468570650159,0.9420995417448907
-0.8658717540293817,0.9396890440994978
-0.8616966509937478,0.9372785464541048
-0.8575215479581135,0.934868048808712
-0.8533464449224797,0.9324575511633192
-0.8491713418868456,0.9300470535179262
-0.8449962388512113,0.9276365558725332
-0.8408211358155773,0.9252260582271404
-0.8366460327799432,0.9228155605817474
-0.8324709297443094,0.9204050629363544
-0.8282958267086751,0.9179945652909616
-0.824120723673041,0.9155840676455688
-0.8199456206374067,0.9131735700001756
-0.8157705176017729,0.9107630723547828
-0.8115954145661388,0.90835257470939
-0.8074203115305048,0.905942077063997
-0.8032452084948707,0.903531579418604
-0.7990701054592366,0.9011210817732112
-0.7948950024236026,0.8987105841278185
-0.7907198993879683,0.8963000864824253
-0.7865447963523344,0.8938895888370326
-0.7823696933167004,0.8914790911916397
-0.7781945902810663,0.8890685935462468
-0.7740194872454322,0.8866580959008539
-0.769844384209798,0.884247598255461
-0.7656692811741641,0.881837100610068
-0.7614941781385298,0.8794266029646751
-0.757319075102896,0.8770161053192822
-0.7531439720672619,0.8746056076738893
-0.7489688690316276,0.8721951100284964
-0.7447937659959936,0.8697846123831035
-0.7406186629603595,0.8673741147377105
-0.7364435599247257,0.8649636170923178
-0.7322684568890914,0.8625531194469247
-0.7280933538534573,0.8601426218015318
-0.723918250817823,0.8577321241561389
-0.7197431477821892,0.855321626510746
-0.7155680447465551,0.852911128865353
-0.711392941710921,0.8505006312199601
-0.707217838675287,0.8480901335745672
-0.7030427356396527,0.8456796359291743
-0.6988676326040189,0.8432691382837816
-0.6946925295683846,0.8408586406383884
-0.6905174265327507,0.8384481429929957
-0.6863423234971167,0.8360376453476028
-0.6821672204614824,0.8336271477022099
-0.6779921174258483,0.831216650056817
-0.6738170143902142,0.8288061524114241
-0.6696419113545802,0.8263956547660312
-0.6654668083189461,0.8239851571206382
-0.661291705283312,0.8215746594752453
-0.657116602247678,0.8191641618298524
-0.6529414992120439,0.8167536641844595
-0.6487663961764099,0.8143431665390666
-0.6445912931407758,0.8119326688936737
-0.6404161901051417,0.8095221712482807
-0.6362410870695074,0.8071116736028878
-0.6320659840338734,0.8047011759574949
-0.6278908809982395,0.8022906783121021
-0.6237157779626055,0.7998801806667092
-0.6195406749269714,0.7974696830213163
-0.6153655718913371,0.7950591853759233
-0.611190468855703,0.7926486877305303
-0.607015365820069,0.7902381900851374
-0.6028402627844349,0.7878276924397445
-0.5986651597488011,0.7854171947943518
-0.5944900567131668,0.7830066971489589
-0.5903149536775327,0.780596199503566
-0.5861398506418987,0.778185701858173
-0.5819647476062646,0.7757752042127801
-0.5777896445706305,0.7733647065673872
-0.5736145415349965,0.7709542089219943
-0.5694394384993622,0.7685437112766014
-0.5652643354637283,0.7661332136312085
-0.5610892324280943,0.7637227159858155
-0.5569141293924602,0.7613122183404226
-0.5527390263568261,0.7589017206950297
-0.5485639233211919,0.7564912230496368
-0.5443888202855578,0.7540807254042439
-0.5402137172499237,0.751670227758851
-0.5360386142142897,0.749259730113458
-0.5318635111786558,0.7468492324680652
-0.5276884081430215,0.7444387348226723
-0.5235133051073875,0.7420282371772794
-0.5193382020717534,0.7396177395318865
-0.5151630990361193,0.7372072418864934
-0.5109879960004853,0.7347967442411005
-0.5068128929648512,0.7323862465957076
-0.5026377899292169,0.7299757489503147
-0.4984626868935831,0.727565251304922
-0.4942875838579489,0.7251547536595291
-0.4901124808223149,0.7227442560141362
-0.4859373777866808,0.7203337583687432
-0.4775871717154126,0.7155127630779574
-0.4734120686797785,0.7131022654325645
-0.4692369656441446,0.7106917677871716
-0.4650618626085105,0.7082812701417787
-0.4608867595728763,0.7058707724963857
-0.4567116565372422,0.7034602748509928
-0.4525365535016082,0.7010497772055999
-0.448361450465974,0.698639279560207
-0.4441863474303399,0.6962287819148141
-0.4400112443947059,0.6938182842694212
-0.4358361413590719,0.6914077866240284
-0.4316610383234379,0.6889972889786354
-0.4274859352878037,0.6865867913332425
-0.4233108322521696,0.6841762936878496
-0.4191357292165356,0.6817657960424567
-0.4149606261809014,0.6793552983970637
-0.4107855231452673,0.6769448007516707
-0.4066104201096333,0.6745343031062778
-0.4024353170739993,0.6721238054608851
-0.3982602140383652,0.6697133078154922
-0.3940851110027311,0.6673028101700993
-0.389910007967097,0.6648923125247064
-0.3857349049314629,0.6624818148793135
-0.3815598018958288,0.6600713172339205
-0.3773846988601947,0.6576608195885276
-0.3732095958245606,0.6552503219431347
-0.3690344927889267,0.6528398242977418
-0.3648593897532926,0.6504293266523489
-0.3606842867176584,0.648018829006956
-0.3565091836820244,0.645608331361563
-0.3523340806463903,0.6431978337161701
-0.3481589776107561,0.6407873360707772
-0.3439838745751221,0.6383768384253843
-0.3398087715394882,0.6359663407799915
-0.335633668503854,0.6335558431345986
-0.33145856546822,0.6311453454892056
-0.3272834624325858,0.6287348478438127
-0.3231083593969517,0.6263243501984198
-0.3189332563613177,0.6239138525530268
-0.3147581533256835,0.6215033549076339
-0.3105830502900494,0.619092857262241
-0.3064079472544155,0.6166823596168483
-0.3022328442187814,0.6142718619714553
-0.2980577411831474,0.6118613643260624
-0.2938826381475132,0.6094508666806695
-0.2897075351118791,0.6070403690352766
-0.285532432076245,0.6046298713898837
-0.2813573290406109,0.6022193737444907
-0.2771822260049768,0.5998088760990978
-0.2730071229693429,0.5973983784537049
-0.2688320199337088,0.594987880808312
-0.2646569168980747,0.5925773831629191
-0.2604818138624406,0.5901668855175262
-0.2563067108268065,0.5877563878721332
-0.2521316077911724,0.5853458902267403
-0.2479565047555383,0.5829353925813474
-0.2437814017199042,0.5805248949359545
-0.2396062986842703,0.5781143972905617
-0.2354311956486361,0.5757038996451688
-0.2312560926130021,0.5732934019997759
-0.227080989577368,0.5708829043543829
-0.2229058865417338,0.56847240670899
-0.2187307835060998,0.5660619090635971
-0.2145556804704657,0.5636514114182042
-0.2103805774348318,0.5612409137728114
-0.2062054743991976,0.5588304161274185
-0.2020303713635635,0.5564199184820255
-0.1978552683279295,0.5540094208366326
-0.1936801652922953,0.5515989231912397
-0.1895050622566612,0.5491884255458468
-0.1853299592210271,0.5467779279004538
-0.181154856185393,0.5443674302550608
-0.1769797531497591,0.541956932609668
-0.172804650114125,0.5395464349642751
-0.1686295470784909,0.5371359373188822
-0.1644544440428568,0.5347254396734893
-0.1602793410072227,0.5323149420280964
-0.1561042379715886,0.5299044443827035
-0.1519291349359545,0.5274939467373105
-0.1477540319003204,0.5250834490919176
-0.1435789288646865,0.5226729514465248
-0.1394038258290524,0.5202624538011319
-0.1352287227934183,0.517851956155739
-0.1310536197577842,0.5154414585103461
-0.1268785167221501,0.5130309608649531
-0.122703413686516,0.5106204632195602
-0.1185283106508819,0.5082099655741673
-0.1143532076152478,0.5057994679287744
-0.1101781045796139,0.5033889702833816
-0.1060030015439797,0.5009784726379887
-0.1018278985083456,0.4985679749925957
-0.0976527954727116,0.4961574773472028
-0.0934776924370774,0.4937469797018098
-0.0893025894014433,0.4913364820564169
-0.0827169887204164,0.493101087446658
-0.0785418856847825,0.4906905898012652
-0.0767772802945412,0.4841049891202382
-0.0726021772589071,0.4816944914748453
-0.068427074223273,0.4792839938294524
-0.0618414735422461,0.4810485992196935
-0.057666370506612,0.4786381015743006
-0.0534912674709779,0.4762276039289077
-0.0493161644353438,0.4738171062835147
-0.0451410613997098,0.4714066086381219
-0.0409659583640757,0.468996110992729
-0.0367908553284416,0.466585613347336
-0.0326157522928075,0.4641751157019431
-0.0284406492571734,0.4617646180565502
-0.0242655462215393,0.4593541204111573
-0.0200904431859052,0.4569436227657644
-0.0159153401502711,0.4545331251203715
-0.0117402371146372,0.4521226274749786
-0.0075651340790031,0.4497121298295857
-0.003390031043369,0.4473016321841928
0.0049601750278991,0.442480636893407
0.0091352780635332,0.4400701392480141
0.0133103810991673,0.4376596416026211
0.0174854841348014,0.4352491439572282
0.0216605871704353,0.4328386463118354
0.0258356902060694,0.4304281486664425
0.0300107932417035,0.4280176510210495
0.0341858962773376,0.4256071533756566
0.0383609993129717,0.4231966557302637
0.0425361023486058,0.4207861580848708
0.0467112053842399,0.4183756604394779
0.0508863084198738,0.4159651627940851
0.055061411455508,0.4135546651486921
0.059236514491142,0.4111441675032992
0.0634116175267762,0.4087336698579063
0.0675867205624103,0.4063231722125133
0.0717618235980444,0.4039126745671204
0.0759369266336785,0.4015021769217275
0.0801120296693126,0.3990916792763346
0.0842871327049465,0.3966811816309418
0.0884622357405806,0.3942706839855489
0.0926373387762147,0.3918601863401559
0.0968124418118488,0.389449688694763
0.1009875448474829,0.3870391910493701
0.105162647883117,0.3846286934039772
0.1093377509187511,0.3822181957585843
0.1135128539543852,0.3798076981131913
0.1176879569900191,0.3773972004677985
0.1218630600256532,0.3749867028224056
0.1260381630612873,0.3725762051770127
0.1302132660969214,0.3701657075316197
0.1343883691325555,0.3677552098862268
0.1385634721681896,0.3653447122408339
0.1427385752038237,0.362934214595441
0.1469136782394578,0.3605237169500481
0.1510887812750917,0.3581132193046553
0.1552638843107258,0.3557027216592623
0.1594389873463599,0.3532922240138694
0.163614090381994,0.3508817263684765
0.1677891934176281,0.3484712287230835
0.1719642964532622,0.3460607310776906
0.1761393994888964,0.3436502334322977
0.1803145025245305,0.3412397357869048
0.1844896055601644,0.338829238141512
0.1886647085957987,0.336418740496119
0.1928398116314326,0.3340082428507261
0.1970149146670665,0.3315977452053333
0.2011900177027008,0.3291872475599403
0.2053651207383347,0.3267767499145475
0.209540223773969,0.3243662522691545
0.2137153268096029,0.3219557546237617
0.2178904298452372,0.3195452569783686
0.2220655328808711,0.3171347593329758
0.2262406359165054,0.3147242616875828
0.2304157389521393,0.3123137640421899
0.2345908419877732,0.3099032663967971
0.2387659450234075,0.3074927687514041
0.2429410480590414,0.3050822711060113
0.2471161510946757,0.3026717734606183
0.2512912541303096,0.3002612758152255
0.2554663571659439,0.2978507781698324
0.2596414602015778,0.2954402805244396
0.2638165632372117,0.2930297828790468
0.267991666272846,0.2906192852336537
0.2721667693084799,0.2882087875882609
0.2763418723441143,0.2857982899428679
0.2805169753797482,0.2833877922974751
0.2846920784153824,0.2809772946520821
0.2888671814510163,0.2785667970066893
0.2930422844866507,0.2761562993612962
0.2972173875222845,0.2737458017159034
0.3013924905579185,0.2713353040705106
0.3055675935935528,0.2689248064251176
0.3097426966291867,0.2665143087797248
0.313917799664821,0.2641038111343318
0.3180929027004548,0.261693313488939
0.3222680057360891,0.2592828158435459
0.3264431087717231,0.2568723181981531
0.330618211807357,0.2544618205527603
0.3347933148429913,0.2520513229073672
0.3389684178786252,0.2496408252619744
0.3431435209142595,0.2472303276165814
0.3473186239498934,0.2448198299711886
0.3514937269855277,0.2424093323257956
0.3556688300211616,0.2399988346804027
0.3598439330567955,0.2375883370350099
0.3640190360924298,0.2351778393896169
0.3681941391280637,0.2327673417442241
0.372369242163698,0.230356844098831
0.3765443451993319,0.2279463464534382
0.3807194482349663,0.2255358488080452
0.3848945512706001,0.2231253511626524
0.3890696543062344,0.2207148535172594
0.3932447573418683,0.2183043558718665
0.3974198603775022,0.2158938582264737
0.4015949634131365,0.2134833605810807
0.4057700664487704,0.2110728629356879
0.4099451694844047,0.2086623652902949
0.4141202725200387,0.206251867644902
0.418295375555673,0.203841369999509
0.4224704785913069,0.2014308723541162
0.4266455816269408,0.1990203747087234
0.430820684662575,0.1966098770633303
0.434995787698209,0.1941993794179375
0.4391708907338433,0.1917888817725445
0.4433459937694772,0.1893783841271517
0.4475210968051115,0.1869678864817587
0.4516961998407454,0.1845573888363658
0.4558713028763793,0.182146891190973
0.4600464059120136,0.17973639354558
0.4642215089476475,0.1773258959001872
0.4683966119832818,0.1749153982547942
0.4725717150189157,0.1725049006094014
0.47674681805455,0.1700944029640083
0.4809219210901839,0.1676839053186155
0.4850970241258182,0.1652734076732225
0.4892721271614521,0.1628629100278297
0.493447230197086,0.1604524123824369
0.4976223332327203,0.1580419147370438
0.5017974362683543,0.155631417091651
0.5059725393039886,0.153220919446258
0.5101476423396225,0.1508104218008652
0.5143227453752568,0.1483999241554721
0.5184978484108906,0.1459894265100793
0.5226729514465246,0.1435789288646865
0.5268480544821589,0.1411684312192935
0.5310231575177928,0.1387579335739007
0.5351982605534271,0.1363474359285076
0.539373363589061,0.1339369382831148
0.5435484666246952,0.1315264406377218
0.5477235696603292,0.129115942992329
0.5518986726959635,0.1267054453469359
0.5560737757315974,0.1242949477015431
0.5602488787672313,0.1218844500561503
0.5644239818028656,0.1194739524107573
0.5685990848384995,0.1170634547653645
0.5727741878741338,0.1146529571199714
0.5769492909097678,0.1122424594745786
0.581124393945402,0.1098319618291856
0.5852994969810359,0.1074214641837928
0.5894746000166698,0.1050109665384
0.5936497030523041,0.102600468893007
0.5978248060879381,0.1001899712476141
0.6019999091235724,0.0977794736022211
0.6061750121592062,0.0953689759568283
0.6103501151948405,0.0929584783114353
0.6145252182304745,0.0905479806660425
0.6187003212661084,0.0881374830206496
0.6228754243017427,0.0857269853752566
0.6270505273373765,0.0833164877298638
0.6312256303730108,0.0809059900844708
0.6354007334086448,0.078495492439078
0.6395758364442791,0.0760849947936849
0.643750939479913,0.0736744971482921
0.6479260425155473,0.0712639995028991
0.6521011455511811,0.0688535018575063
0.6562762485868151,0.0664430042121134
0.6604513516224494,0.0640325065667204
0.6646264546580833,0.0616220089213276
0.6688015576937176,0.0592115112759346
0.6729766607293515,0.0568010136305418
0.6771517637649858,0.0543905159851487
0.6813268668006197,0.0519800183397559
0.6855019698362537,0.0495695206943631
0.689677072871888,0.0471590230489701
0.6938521759075218,0.0447485254035773
0.6980272789431561,0.0423380277581842
0.70220238197879,0.0399275301127914
0.7063774850144243,0.0375170324673984
0.7105525880500582,0.0351065348220056
0.7147276910856926,0.0326960371766125
0.7189027941213264,0.0302855395312197
0.7230778971569604,0.0278750418858269
0.7272530001925946,0.0254645442404339
0.7314281032282285,0.0230540465950411
0.7356032062638629,0.020643548949648
0.7397783092994967,0.0182330513042552
0.743953412335131,0.0158225536588622
0.748128515370765,0.0134120560134694
0.7523036184063988,0.0110015583680766
0.7564787214420331,0.0085910607226835
0.760653824477667,0.0061805630772907
0.7672394251586943,0.0079451684675318
0.7714145281943282,0.005534670822139
0.7755896312299625,0.003124173176746
0.7797647342655963,0.0007136755313532
0.7815293396558374,-0.0058719251496737
0.7857044426914717,-0.0082824227950667
0.7922900433724985,-0.0065178174048254
0.7964651464081328,-0.0089283150502184
0.8006402494437667,-0.0113388126956112
0.8048153524794011,-0.0137493103410043
0.8089904555150349,-0.0161598079863971
0.8131655585506692,-0.0185703056317901
0.8173406615863031,-0.0209808032771829
0.821515764621937,-0.0233913009225757
0.8232803700121784,-0.0299769016036029
0.8274554730478123,-0.0323873992489957
0.8316305760834466,-0.0347978968943887
0.8358056791190805,-0.0372083945397815
0.8399807821547148,-0.0396188921851746
0.8441558851903487,-0.0420293898305674
0.8483309882259826,-0.0444398874759602
0.8525060912616169,-0.0468503851213533
0.8542706966518581,-0.0534359858023801
0.8584457996874924,-0.0558464834477731
0.8626209027231262,-0.0582569810931659
0.8643855081133675,-0.0648425817741931
0.8685606111490014,-0.0672530794195859
0.8727357141846354,-0.0696635770649787
0.8769108172202696,-0.0720740747103717
0.8786754226105106,-0.0786596753913986
0.8828505256461449,-0.0810701730367916
0.8870256286817788,-0.0834806706821844
0.8887902340720202,-0.0900662713632116
0.8929653371076541,-0.0924767690086044
0.8947299424978956,-0.0990623696896315
0.8989050455335295,-0.1014728673350243
0.9030801485691634,-0.1038833649804171
0.9048447539594048,-0.1104689656614442
0.9090198569950388,-0.112879463306837
0.91078446238528,-0.1194650639878641
0.914959565420914,-0.1218755616332569
0.9167241708111552,-0.1284611623142841
0.9184887762013964,-0.1350467629953109
0.9226638792370304,-0.1374572606407037
0.9244284846272716,-0.1440428613217309
0.9261930900175126,-0.1506284620027578
0.9303681930531468,-0.1530389596481508
0.932132798443388,-0.1596245603291777
0.9338974038336292,-0.1662101610102048
0.9356620092238704,-0.1727957616912317
0.9398371122595046,-0.1752062593366247
0.9416017176497457,-0.1817918600176516
0.9433663230399866,-0.1883774606986785
0.945130928430228,-0.1949630613797056
0.949306031465862,-0.1973735590250984
0.9510706368561034,-0.2039591597061255
0.9528352422463442,-0.2105447603871524
0.9545998476365856,-0.2171303610681796
0.9563644530268268,-0.2237159617492064
0.9581290584170676,-0.2303015624302333
0.9557185607716748,-0.2344766654658674
0.9574831661619162,-0.2410622661468945
0.9592477715521572,-0.2476478668279214
0.9610123769423984,-0.2542334675089485
0.9627769823326396,-0.2608190681899754
0.9603664846872466,-0.2649941712256095
0.962131090077488,-0.2715797719066365
0.9638956954677292,-0.2781653725876635
0.9614851978223362,-0.2823404756232975
0.9632498032125772,-0.2889260763043244
0.9650144086028184,-0.2955116769853515
0.9626039109574256,-0.2996867800209856
0.9643685163476666,-0.3062723807020125
0.9619580187022736,-0.3104474837376466
0.9637226240925152,-0.3170330844186737
0.9613121264471222,-0.3212081874543078
0.9630767318373632,-0.3277937881353347
0.9648413372276048,-0.3343793888163617
0.9624308395822118,-0.3385544918519959
0.9641954449724528,-0.3451400925330228
0.9617849473270598,-0.3493151955686568
0.9635495527173012,-0.3559007962496839
0.9611390550719082,-0.360075899285318
0.9629036604621491,-0.3666614999663449
0.9646682658523904,-0.3732471006473718
0.9622577682069974,-0.3774222036830058
0.9640223735972387,-0.384007804364033
0.9616118759518458,-0.3881829073996671
0.9633764813420868,-0.3947685080806939
0.9651410867323282,-0.401354108761721
0.9627305890869352,-0.4055292117973551
0.9644951944771764,-0.412114812478382
0.9620846968317834,-0.4162899155140161
0.9638493022220248,-0.4228755161950431
0.9656139076122658,-0.4294611168760701
0.9632034099668728,-0.4336362199117042
0.964968015357114,-0.4402218205927311
0.9625575177117208,-0.4443969236283651
0.9643221231019624,-0.4509825243093922
0.9660867284922032,-0.4575681249904191
0.9636762308468104,-0.4617432280260531
0.965440836237052,-0.4683288287070803
0.963030338591659,-0.4725039317427145
0.9647949439819,-0.4790895324237413
0.9623844463365072,-0.4832646354593753
0.9641490517267484,-0.4898502361404025
0.9659136571169894,-0.4964358368214294
0.9635031594715964,-0.5006109398570635
0.9652677648618376,-0.5071965405380904
0.9628572672164446,-0.5113716435737244
0.964621872606686,-0.5179572442547515
0.966386477996927,-0.5245428449357785
0.9639759803515342,-0.5287179479714125
0.9657405857417756,-0.5353035486524396
0.9633300880963828,-0.5394786516880737
0.9650946934866236,-0.5460642523691006
0.966859298876865,-0.5526498530501277
0.964448801231472,-0.5568249560857618
0.9662134066217132,-0.5634105567667886
0.96380290897632,-0.5675856598024228
0.9655675143665616,-0.5741712604834499
0.9631570167211686,-0.578346363519084
0.9649216221114096,-0.5849319642001107
0.9666862275016508,-0.5915175648811376
0.9642757298562578,-0.5956926679167718
0.9660403352464992,-0.6022782685977989
0.9636298376011062,-0.6064533716334329
0.9653944429913472,-0.6130389723144599
0.9629839453459544,-0.617214075350094
0.9647485507361956,-0.6237996760311211
0.9623380530908028,-0.627974779066755
0.9641026584810438,-0.6345603797477819
0.9658672638712852,-0.6411459804288091
0.9634567662258924,-0.6453210834644432
0.9652213716161332,-0.65190668414547
0.9628108739707404,-0.6560817871811042
0.9645754793609812,-0.6626673878621311
0.9621649817155884,-0.666842490897765
0.9639295871058298,-0.6734280915787921
0.9615190894604368,-0.6776031946144262
0.963283694850678,-0.6841887952954532
0.9608731972052852,-0.6883638983310872
0.9584626995598922,-0.6925390013667213
0.9602273049501336,-0.6991246020477485
0.9578168073047406,-0.7032997050833826
0.9554063096593478,-0.7074748081190165
0.9529958120139548,-0.7116499111546506
0.9547604174041958,-0.7182355118356776
0.9523499197588028,-0.7224106148713116
0.94993942211341,-0.7265857179069458
0.9475289244680172,-0.7307608209425799
0.9492935298582584,-0.7373464216236071
0.9468830322128654,-0.7415215246592411
0.9444725345674728,-0.7456966276948751
0.9420620369220796,-0.7498717307305092
0.9396515392766868,-0.7540468337661432
0.9414161446669276,-0.7606324344471702
0.9390056470215348,-0.7648075374828043
0.936595149376142,-0.7689826405184383
0.9341846517307488,-0.7731577435540725
0.931774154085356,-0.7773328465897066
0.9293636564399632,-0.7815079496253405
0.9269531587945704,-0.7856830526609746
0.9245426611491774,-0.7898581556966087
0.9221321635037844,-0.7940332587322427
0.9197216658583915,-0.7982083617678769
0.9173111682129986,-0.802383464803511
0.9149006705676056,-0.8065585678391451
0.9124901729222128,-0.810733670874779
0.91007967527682,-0.814908773910413
0.9076691776314272,-0.8190838769460472
0.9052586799860342,-0.8232589799816813
0.9028481823406412,-0.8274340830173155
0.9004376846952482,-0.8316091860529495
0.8980271870498553,-0.8357842890885836
0.8956166894044624,-0.8399593921242177
0.8890310887234358,-0.8417239975144588
0.8866205910780429,-0.8458991005500929
0.88421009343265,-0.850074203585727
0.881799595787257,-0.8542493066213611
0.8793890981418641,-0.8584244096569953
0.8728034974608369,-0.8601890150472363
0.8703929998154439,-0.8643641180828705
0.867982502170051,-0.8685392211185046
0.8655720045246582,-0.8727143241541384
0.8631615068792653,-0.8768894271897725
0.8565759061982385,-0.8786540325800137
0.8541654085528456,-0.8828291356156478
0.8517549109074527,-0.887004238651282
0.8451693102264255,-0.888768844041523
0.8427588125810326,-0.8929439470771572
0.8361732119000056,-0.8947085524673983
0.8337627142546128,-0.8988836555030323
0.8313522166092199,-0.9030587585386664
0.8247666159281927,-0.9048233639289076
0.8223561182827998,-0.9089984669645416
0.8157705176017729,-0.9107630723547828
0.81336001995638,-0.914938175390417
0.8067744192753532,-0.9167027807806584
0.8001888185943262,-0.9184673861708992
0.7936032179132992,-0.9202319915611404
0.787017617232272,-0.9219965969513816
0.7846071195868791,-0.9261716999870157
0.7780215189058522,-0.9279363053772568
0.7756110212604593,-0.932111408412891
0.7690254205794321,-0.933876013803132
0.7624398198984054,-0.9356406191933734
0.7558542192173786,-0.9374052245836144
0.7492686185363514,-0.9391698299738556
0.7468581208909585,-0.9433449330094896
0.7402725202099316,-0.945109538399731
0.7336869195289044,-0.946874143789972
0.7271013188478777,-0.9486387491802132
0.7205157181668504,-0.9504033545704544
0.7181052205214575,-0.9545784576060884
0.7115196198404308,-0.9563430629963297
0.7049340191594036,-0.9581076683865708
0.7007589161237696,-0.955697170741178
0.6941733154427429,-0.9574617761314193
0.6875877147617157,-0.9592263815216604
0.6810021140806888,-0.9609909869119015
0.6744165133996616,-0.9627555923021424
0.6678309127186346,-0.9645201976923838
0.6636558096830003,-0.9621097000469908
0.6570702090019735,-0.963874305437232
0.6504846083209468,-0.9656389108274732
0.6438990076399196,-0.9674035162177144
0.6373134069588928,-0.9691681216079556
0.6331383039232585,-0.9667576239625626
0.6265527032422318,-0.968522229352804
0.6223776002065975,-0.9661117317074108
0.6157919995255705,-0.967876337097652
0.6092063988445436,-0.9696409424878932
0.6050312958089094,-0.9672304448425004
0.5984456951278826,-0.9689950502327416
0.5942705920922483,-0.9665845525873488
0.5876849914112215,-0.9683491579775898
0.5835098883755873,-0.9659386603321968
0.5793347853399533,-0.963528162686804
0.5727491846589261,-0.9652927680770448
0.5685740816232923,-0.9628822704316522
0.5619884809422654,-0.9646468758218932
0.5578133779066311,-0.9622363781765004
0.5536382748709971,-0.9598258805311076
0.54705267418997,-0.9615904859213488
0.5428775711543361,-0.959179988275956
0.5387024681187018,-0.9567694906305628
0.5345273650830679,-0.95435899298517
0.527941764402041,-0.9561235983754112
0.5237666613664067,-0.9537131007300184
0.5195915583307729,-0.9513026030846254
0.5154164552951386,-0.9488921054392324
0.5088308546141117,-0.9506567108294736
0.5046557515784774,-0.9482462131840806
0.5004806485428435,-0.9458357155386878
0.4963055455072096,-0.943425217893295
0.4921304424715753,-0.941014720247902
0.4879553394359414,-0.9386042226025092
0.4837802364003071,-0.9361937249571162
0.4796051333646731,-0.9337832273117234
0.4730195326836459,-0.9355478327019644
0.4688444296480121,-0.9331373350565716
0.4646693266123778,-0.9307268374111786
0.4604942235767438,-0.9283163397657858
0.4563191205411099,-0.925905842120393
0.4545545151508685,-0.9193202414393656
0.4503794121152347,-0.916909743793973
0.4437938114342075,-0.918674349184214
0.4396187083985735,-0.9162638515388212
0.4354436053629392,-0.9138533538934284
0.4312685023273053,-0.9114428562480354
0.4270933992916714,-0.9090323586026426
0.4229182962560371,-0.9066218609572496
0.4187431932204032,-0.9042113633118568
0.4145680901847689,-0.9018008656664638
0.4103929871491349,-0.8993903680210709
0.4062178841135007,-0.896979870375678
0.4020427810778668,-0.894569372730285
0.3978676780422325,-0.8921588750848921
0.3936925750065986,-0.8897483774394992
0.3895174719709646,-0.8873378797941065
0.3853423689353303,-0.8849273821487134
0.3811672658996965,-0.8825168845033207
0.3769921628640622,-0.8801063868579275
0.3728170598284283,-0.8776958892125348
0.368641956792794,-0.8752853915671417
0.36446685375716,-0.8728748939217489
0.3602917507215262,-0.8704643962763561
0.3561166476858919,-0.868053898630963
0.3519415446502579,-0.8656434009855702
0.3477664416146236,-0.8632329033401772
0.3435913385789897,-0.8608224056947844
0.3394162355433554,-0.8584119080493914
0.3352411325077216,-0.8560014104039986
0.3310660294720876,-0.8535909127586058
0.3268909264364533,-0.8511804151132127
0.3227158234008195,-0.8487699174678199
0.3185407203651851,-0.8463594198224269
0.3143656173295512,-0.843948922177034
0.310190514293917,-0.8415384245316411
0.306015411258283,-0.8391279268862482
0.3018403082226487,-0.8367174292408552
0.2976652051870148,-0.8343069315954623
0.2934901021513809,-0.8318964339500696
0.2893149991157466,-0.8294859363046765
0.2851398960801127,-0.8270754386592838
0.2809647930444784,-0.8246649410138907
0.2767896900088444,-0.822254443368498
0.2726145869732101,-0.8198439457231048
0.2684394839375763,-0.817433448077712
0.2642643809019424,-0.8150229504323192
0.2600892778663081,-0.8126124527869262
0.2559141748306742,-0.8102019551415334
0.2517390717950398,-0.8077914574961403
0.247563968759406,-0.8053809598507475
0.2433888657237717,-0.8029704622053545
0.2392137626881377,-0.8005599645599617
0.2350386596525039,-0.7981494669145689
0.2308635566168695,-0.7957389692691759
0.2266884535812356,-0.7933284716237831
0.2225133505456014,-0.79091797397839
0.2183382475099674,-0.7885074763329971
0.2141631444743331,-0.7860969786876042
0.2099880414386992,-0.7836864810422113
0.2058129384030649,-0.7812759833968184
0.201637835367431,-0.7788654857514254
0.1974627323317971,-0.7764549881060328
0.1932876292961628,-0.7740444904606396
0.1891125262605289,-0.7716339928152469
0.1849374232248946,-0.7692234951698538
0.1831728178346536,-0.7626378944888269
0.1789977147990193,-0.7602273968434339
0.1748226117633854,-0.757816899198041
0.1682370110823586,-0.7595815045882823
0.1640619080467243,-0.7571710069428893
0.1598868050110904,-0.7547605092974965
0.1557117019754561,-0.7523500116521035
0.1515365989398222,-0.7499395140067107
0.1473614959041879,-0.7475290163613176
0.143186392868554,-0.7451185187159248
0.1414217874783126,-0.7385329180348976
0.1372466844426787,-0.7361224203895048
0.1330715814070447,-0.733711922744112
0.1288964783714105,-0.731301425098719
0.1247213753357766,-0.7288909274533262
0.1205462723001423,-0.7264804298079331
0.1163711692645084,-0.7240699321625403
0.114606563874267,-0.7174843314815132
0.110431460838633,-0.7150738338361204
0.1062563578029991,-0.7126633361907276
0.1020812547673649,-0.7102528385453346
0.1003166493771239,-0.7036672378643076
0.0961415463414896,-0.7012567402189146
0.0919664433058556,-0.6988462425735218
0.0877913402702214,-0.6964357449281288
0.0860267348799804,-0.6898501442471019
0.0818516318443465,-0.6874396466017091
0.0776765288087122,-0.6850291489563161
0.0759119234184712,-0.6784435482752891
0.0717368203828369,-0.6760330506298962
0.0699722149925959,-0.6694474499488692
0.0657971119569616,-0.6670369523034761
0.0616220089213277,-0.6646264546580833
0.0598574035310862,-0.6580408539770564
0.0556823004954523,-0.6556303563316636
0.0539176951052113,-0.6490447556506367
0.049742592069577,-0.6466342580052437
0.0479779866793361,-0.6400486573242167
0.0462133812890947,-0.6334630566431896
0.0420382782534608,-0.6310525589977968
0.0402736728632194,-0.6244669583167697
0.0360985698275855,-0.6220564606713768
0.0343339644373445,-0.6154708599903499
0.0325693590471031,-0.6088852593093228
0.030804753656862,-0.602299658628296
0.0266296506212277,-0.599889160982903
0.0248650452309867,-0.5933035603018761
0.0231004398407453,-0.5867179596208489
0.0213358344505044,-0.5801323589398221
0.019571229060263,-0.573546758258795
0.017806623670022,-0.566961157577768
0.016042018279781,-0.560375556896741
0.0142774128895396,-0.553789956215714
0.0125128074992985,-0.5472043555346873
0.0107482021090572,-0.5406187548536601
0.0089835967188162,-0.5340331541726332
0.0072189913285748,-0.5274475534916061
0.0054543859383338,-0.5208619528105791
0.0036897805480928,-0.5142763521295522
0.0061002781934857,-0.5101012490939181
0.0043356728032444,-0.503515648412891
0.0025710674130033,-0.4969300477318642
0.0008064620227619,-0.4903444470508371
0.0032169596681548,-0.486169344015203
0.0014523542779138,-0.4795837433341761
-0.0003122511123274,-0.472998142653149
0.0020982465330654,-0.4688230396175148
0.0003336411428244,-0.4622374389364879
-0.0014309642474165,-0.4556518382554611
0.0009795333979762,-0.4514767352198271
0.0033900310433691,-0.447301632184193
0.0016254256531278,-0.4407160315031659
-0.0001391797371131,-0.434130430822139
0.0022713179082797,-0.4299553277865049
0.0005067125180383,-0.4233697271054777
0.0029172101634312,-0.4191946240698436
0.0011526047731902,-0.4126090233888169
-0.0006120006170511,-0.4060234227077898
0.0017984970283417,-0.4018483196721557
3.389163810077478e-05,-0.3952627189911287
0.0024443892834936,-0.3910876159554947
0.0006797838932523,-0.3845020152744676
-0.0010848214969886,-0.3779164145934406
0.0013256761484042,-0.3737413115578065
-0.0004389292418368,-0.3671557108767798
0.001971568403556,-0.3629806078411457
0.0002069630133147,-0.3563950071601185
-0.0015576423769262,-0.3498094064790916
0.0008528552684666,-0.3456343034434575
-0.0009117501217747,-0.3390487027624304
0.0014987475236181,-0.3348735997267963
-0.0002658578666227,-0.3282879990457694
-0.0020304632568642,-0.3217023983647424
0.0003800343885286,-0.3175272953291083
-0.0013845710017123,-0.3109416946480814
0.0010259266436805,-0.3067665916124473
-0.0007386787465604,-0.3001809909314204
0.0016718188988325,-0.2960058878957863
-9.27864914088694e-05,-0.2894202872147592
-0.0018573918816498,-0.2828346865337323
0.0005531057637429,-0.2786595834980984
-0.0012114996264984,-0.2720739828170712
0.0011989980188945,-0.2678988797814371
-0.0005656073713464,-0.2613132791004102
0.0018448902740464,-0.2571381760647761
8.02848838050707e-05,-0.250552575383749
-0.0016843205064359,-0.243966974702722
0.0007261771389568,-0.2397918716670881
-0.001038428251284,-0.2332062709860612
0.0013720693941088,-0.2290311679504271
-0.0003925359961325,-0.2224455672694
0.0020179616492603,-0.2182704642337659
0.0002533562590193,-0.211684863552739
-0.0015112491312219,-0.2050992628717118
0.0008992485141709,-0.2009241598360777
-0.0008653568760701,-0.194338559155051
0.0015451407693227,-0.1901634561194169
-0.0002194646209186,-0.1835778554383897
0.0021910330244743,-0.1794027524027557
0.0004264276342333,-0.1728171517217287
-0.001338177756008,-0.1662315510407016
0.0010723198893848,-0.1620564480050675
-0.0006922855008561,-0.1554708473240406
-0.0024568908910972,-0.1488852466430139
-4.639324570429593e-05,-0.1447101436073798
0.0023641043996886,-0.1405350405717457
0.0005994990094472,-0.1339494398907185
-0.0011651063807937,-0.1273638392096916
0.0012453912645991,-0.1231887361740575
-0.0005192141256421,-0.1166031354930304
0.0018912835197507,-0.1124280324573963
0.0001266781295096,-0.1058424317763696
0.0025371757749025,-0.1016673287407354
0.0007725703846611,-0.0950817280597083
-0.0009920350055798,-0.0884961273786814
0.0014184626398131,-0.0843210243430473
-0.0003461427504278,-0.0777354236620204
0.002064354894965,-0.0735603206263863
0.0002997495047235,-0.0669747199453593
-0.0014648558855174,-0.0603891192643324
0.0009456417598755,-0.0562140162286983
-0.0008189636303658,-0.0496284155476712
0.001591534015027,-0.0454533125120371
-0.0001730713752139,-0.0388677118310102
-0.0019376767654553,-0.032282111149983
0.0004728208799376,-0.0281070081143489
-0.0012917845103034,-0.0215214074333222
0.0011187131350894,-0.0173463043976881
-0.0006458922551519,-0.010760703716661
0.0017646053902409,-0.0065856006810269
0.0,0.0
